id;tema;nivel;tipo;enunciado;visual;opcoes_ou_itens;resposta;dica;explicacao;bncc
CON-001;contagem;1;numero;Quantas maçãs você vê?;🍎🍎🍎🍎;;4;Aponte com o dedo e conte um por um.;São 4 maçãs.;EF01MA02
CON-002;contagem;1;numero;Quantas maçãs você vê?;🍎🍎🍎🍎🍎 🍎;;6;Aponte com o dedo e conte um por um.;São 6 maçãs.;EF01MA02
CON-003;contagem;2;numero;Quantas maçãs você vê?;🍎🍎🍎🍎🍎 🍎🍎🍎🍎🍎 🍎🍎🍎🍎🍎 🍎🍎🍎🍎;;19;Os desenhos estão em grupinhos de 5. Conte de 5 em 5 e depois o que sobrou!;Há 3 grupos de 5 (15) e mais 4: 15 + 4 = 19.;EF01MA02
CON-004;contagem;3;numero;Quantas maçãs você vê?;🍎🍎🍎🍎🍎 🍎🍎🍎🍎🍎 🍎🍎🍎🍎🍎 🍎🍎🍎🍎🍎 🍎🍎🍎🍎🍎 🍎🍎🍎🍎🍎 🍎;;31;Os desenhos estão em grupinhos de 5. Conte de 5 em 5 e depois o que sobrou!;Há 6 grupos de 5 (30) e mais 1: 30 + 1 = 31.;EF01MA02
CON-005;contagem;3;numero;Quantas maçãs você vê?;🍎🍎🍎🍎🍎 🍎🍎🍎🍎🍎 🍎🍎🍎🍎🍎 🍎🍎🍎🍎🍎 🍎🍎;;22;Os desenhos estão em grupinhos de 5. Conte de 5 em 5 e depois o que sobrou!;Há 4 grupos de 5 (20) e mais 2: 20 + 2 = 22.;EF01MA02
CON-006;contagem;1;numero;Quantas estrelas você vê?;⭐⭐⭐⭐⭐;;5;Aponte com o dedo e conte um por um.;São 5 estrelas.;EF01MA02
CON-007;contagem;1;numero;Quantas estrelas você vê?;⭐⭐⭐⭐⭐ ⭐⭐⭐;;8;Aponte com o dedo e conte um por um.;São 8 estrelas.;EF01MA02
CON-008;contagem;2;numero;Quantas estrelas você vê?;⭐⭐⭐⭐⭐ ⭐⭐⭐⭐⭐ ⭐⭐⭐⭐⭐ ⭐⭐⭐⭐⭐;;20;Os desenhos estão em grupinhos de 5. Conte de 5 em 5 e depois o que sobrou!;Há 4 grupos de 5 (20) e mais 0: 20 + 0 = 20.;EF01MA02
CON-009;contagem;2;numero;Quantas estrelas você vê?;⭐⭐⭐⭐⭐ ⭐⭐⭐⭐⭐ ⭐⭐⭐⭐⭐ ⭐⭐⭐⭐;;19;Os desenhos estão em grupinhos de 5. Conte de 5 em 5 e depois o que sobrou!;Há 3 grupos de 5 (15) e mais 4: 15 + 4 = 19.;EF01MA02
CON-010;contagem;3;numero;Quantas estrelas você vê?;⭐⭐⭐⭐⭐ ⭐⭐⭐⭐⭐ ⭐⭐⭐⭐⭐ ⭐⭐⭐⭐⭐ ⭐⭐⭐⭐⭐ ⭐⭐;;27;Os desenhos estão em grupinhos de 5. Conte de 5 em 5 e depois o que sobrou!;Há 5 grupos de 5 (25) e mais 2: 25 + 2 = 27.;EF01MA02
CON-011;contagem;3;numero;Quantas estrelas você vê?;⭐⭐⭐⭐⭐ ⭐⭐⭐⭐⭐ ⭐⭐⭐⭐⭐ ⭐⭐⭐⭐⭐ ⭐⭐⭐⭐⭐ ⭐⭐⭐⭐⭐;;30;Os desenhos estão em grupinhos de 5. Conte de 5 em 5 e depois o que sobrou!;Há 6 grupos de 5 (30) e mais 0: 30 + 0 = 30.;EF01MA02
CON-012;contagem;1;numero;Quantos peixinhos você vê?;🐟🐟🐟🐟🐟 🐟🐟🐟;;8;Aponte com o dedo e conte um por um.;São 8 peixinhos.;EF01MA02
CON-013;contagem;1;numero;Quantos peixinhos você vê?;🐟🐟🐟🐟🐟 🐟🐟🐟🐟🐟;;10;Aponte com o dedo e conte um por um.;São 10 peixinhos.;EF01MA02
CON-014;contagem;2;numero;Quantos peixinhos você vê?;🐟🐟🐟🐟🐟 🐟🐟🐟🐟🐟 🐟🐟🐟🐟🐟 🐟🐟🐟;;18;Os desenhos estão em grupinhos de 5. Conte de 5 em 5 e depois o que sobrou!;Há 3 grupos de 5 (15) e mais 3: 15 + 3 = 18.;EF01MA02
CON-015;contagem;2;numero;Quantos peixinhos você vê?;🐟🐟🐟🐟🐟 🐟🐟🐟🐟🐟 🐟🐟🐟🐟🐟 🐟🐟🐟🐟🐟;;20;Os desenhos estão em grupinhos de 5. Conte de 5 em 5 e depois o que sobrou!;Há 4 grupos de 5 (20) e mais 0: 20 + 0 = 20.;EF01MA02
CON-016;contagem;3;numero;Quantos peixinhos você vê?;🐟🐟🐟🐟🐟 🐟🐟🐟🐟🐟 🐟🐟🐟🐟🐟 🐟🐟🐟🐟🐟 🐟🐟🐟🐟🐟 🐟🐟🐟;;28;Os desenhos estão em grupinhos de 5. Conte de 5 em 5 e depois o que sobrou!;Há 5 grupos de 5 (25) e mais 3: 25 + 3 = 28.;EF01MA02
CON-017;contagem;3;numero;Quantos peixinhos você vê?;🐟🐟🐟🐟🐟 🐟🐟🐟🐟🐟 🐟🐟🐟🐟🐟 🐟🐟🐟🐟🐟 🐟🐟🐟🐟;;24;Os desenhos estão em grupinhos de 5. Conte de 5 em 5 e depois o que sobrou!;Há 4 grupos de 5 (20) e mais 4: 20 + 4 = 24.;EF01MA02
CON-018;contagem;1;numero;Quantos balões você vê?;🎈🎈🎈🎈;;4;Aponte com o dedo e conte um por um.;São 4 balões.;EF01MA02
CON-019;contagem;1;numero;Quantos balões você vê?;🎈🎈🎈🎈🎈 🎈🎈🎈;;8;Aponte com o dedo e conte um por um.;São 8 balões.;EF01MA02
CON-020;contagem;2;numero;Quantos balões você vê?;🎈🎈🎈🎈🎈 🎈🎈🎈🎈🎈 🎈🎈;;12;Os desenhos estão em grupinhos de 5. Conte de 5 em 5 e depois o que sobrou!;Há 2 grupos de 5 (10) e mais 2: 10 + 2 = 12.;EF01MA02
CON-021;contagem;3;numero;Quantos balões você vê?;🎈🎈🎈🎈🎈 🎈🎈🎈🎈🎈 🎈🎈🎈🎈🎈 🎈🎈🎈🎈🎈 🎈🎈🎈🎈🎈;;25;Os desenhos estão em grupinhos de 5. Conte de 5 em 5 e depois o que sobrou!;Há 5 grupos de 5 (25) e mais 0: 25 + 0 = 25.;EF01MA02
CON-022;contagem;3;numero;Quantos balões você vê?;🎈🎈🎈🎈🎈 🎈🎈🎈🎈🎈 🎈🎈🎈🎈🎈 🎈🎈🎈🎈🎈 🎈🎈;;22;Os desenhos estão em grupinhos de 5. Conte de 5 em 5 e depois o que sobrou!;Há 4 grupos de 5 (20) e mais 2: 20 + 2 = 22.;EF01MA02
CON-023;contagem;1;numero;Quantas flores você vê?;🌸🌸🌸🌸🌸 🌸🌸;;7;Aponte com o dedo e conte um por um.;São 7 flores.;EF01MA02
CON-024;contagem;1;numero;Quantas flores você vê?;🌸🌸🌸🌸;;4;Aponte com o dedo e conte um por um.;São 4 flores.;EF01MA02
CON-025;contagem;2;numero;Quantas flores você vê?;🌸🌸🌸🌸🌸 🌸🌸🌸🌸🌸 🌸🌸🌸🌸🌸 🌸🌸🌸;;18;Os desenhos estão em grupinhos de 5. Conte de 5 em 5 e depois o que sobrou!;Há 3 grupos de 5 (15) e mais 3: 15 + 3 = 18.;EF01MA02
CON-026;contagem;2;numero;Quantas flores você vê?;🌸🌸🌸🌸🌸 🌸🌸🌸🌸🌸 🌸🌸🌸🌸🌸 🌸;;16;Os desenhos estão em grupinhos de 5. Conte de 5 em 5 e depois o que sobrou!;Há 3 grupos de 5 (15) e mais 1: 15 + 1 = 16.;EF01MA02
CON-027;contagem;3;numero;Quantas flores você vê?;🌸🌸🌸🌸🌸 🌸🌸🌸🌸🌸 🌸🌸🌸🌸🌸 🌸🌸🌸🌸🌸 🌸🌸🌸🌸;;24;Os desenhos estão em grupinhos de 5. Conte de 5 em 5 e depois o que sobrou!;Há 4 grupos de 5 (20) e mais 4: 20 + 4 = 24.;EF01MA02
CON-028;contagem;3;numero;Quantas flores você vê?;🌸🌸🌸🌸🌸 🌸🌸🌸🌸🌸 🌸🌸🌸🌸🌸 🌸🌸🌸🌸🌸 🌸🌸🌸🌸🌸 🌸🌸;;27;Os desenhos estão em grupinhos de 5. Conte de 5 em 5 e depois o que sobrou!;Há 5 grupos de 5 (25) e mais 2: 25 + 2 = 27.;EF01MA02
CON-029;contagem;1;numero;Quantas joaninhas você vê?;🐞🐞🐞🐞🐞 🐞;;6;Aponte com o dedo e conte um por um.;São 6 joaninhas.;EF01MA02
CON-030;contagem;2;numero;Quantas joaninhas você vê?;🐞🐞🐞🐞🐞 🐞🐞🐞🐞🐞 🐞🐞🐞🐞🐞 🐞;;16;Os desenhos estão em grupinhos de 5. Conte de 5 em 5 e depois o que sobrou!;Há 3 grupos de 5 (15) e mais 1: 15 + 1 = 16.;EF01MA02
CON-031;contagem;2;numero;Quantas joaninhas você vê?;🐞🐞🐞🐞🐞 🐞🐞🐞🐞🐞 🐞🐞🐞🐞🐞 🐞🐞;;17;Os desenhos estão em grupinhos de 5. Conte de 5 em 5 e depois o que sobrou!;Há 3 grupos de 5 (15) e mais 2: 15 + 2 = 17.;EF01MA02
CON-032;contagem;3;numero;Quantas joaninhas você vê?;🐞🐞🐞🐞🐞 🐞🐞🐞🐞🐞 🐞🐞🐞🐞🐞 🐞🐞🐞🐞🐞 🐞🐞🐞🐞🐞 🐞🐞🐞🐞🐞 🐞🐞;;32;Os desenhos estão em grupinhos de 5. Conte de 5 em 5 e depois o que sobrou!;Há 6 grupos de 5 (30) e mais 2: 30 + 2 = 32.;EF01MA02
CON-033;contagem;3;numero;Quantas joaninhas você vê?;🐞🐞🐞🐞🐞 🐞🐞🐞🐞🐞 🐞🐞🐞🐞🐞 🐞🐞🐞🐞🐞 🐞🐞🐞🐞🐞 🐞🐞🐞🐞;;29;Os desenhos estão em grupinhos de 5. Conte de 5 em 5 e depois o que sobrou!;Há 5 grupos de 5 (25) e mais 4: 25 + 4 = 29.;EF01MA02
CON-034;contagem;1;numero;Quantos carrinhos você vê?;🚗🚗🚗🚗🚗 🚗🚗🚗🚗;;9;Aponte com o dedo e conte um por um.;São 9 carrinhos.;EF01MA02
CON-035;contagem;1;numero;Quantos carrinhos você vê?;🚗🚗🚗🚗;;4;Aponte com o dedo e conte um por um.;São 4 carrinhos.;EF01MA02
CON-036;contagem;2;numero;Quantos carrinhos você vê?;🚗🚗🚗🚗🚗 🚗🚗🚗🚗🚗 🚗🚗🚗🚗🚗 🚗;;16;Os desenhos estão em grupinhos de 5. Conte de 5 em 5 e depois o que sobrou!;Há 3 grupos de 5 (15) e mais 1: 15 + 1 = 16.;EF01MA02
CON-037;contagem;2;numero;Quantos carrinhos você vê?;🚗🚗🚗🚗🚗 🚗🚗🚗🚗🚗 🚗🚗;;12;Os desenhos estão em grupinhos de 5. Conte de 5 em 5 e depois o que sobrou!;Há 2 grupos de 5 (10) e mais 2: 10 + 2 = 12.;EF01MA02
CON-038;contagem;3;numero;Quantos carrinhos você vê?;🚗🚗🚗🚗🚗 🚗🚗🚗🚗🚗 🚗🚗🚗🚗🚗 🚗🚗🚗🚗🚗 🚗🚗🚗🚗🚗 🚗🚗🚗🚗;;29;Os desenhos estão em grupinhos de 5. Conte de 5 em 5 e depois o que sobrou!;Há 5 grupos de 5 (25) e mais 4: 25 + 4 = 29.;EF01MA02
CON-039;contagem;1;numero;Quantos morangos você vê?;🍓🍓🍓🍓🍓 🍓;;6;Aponte com o dedo e conte um por um.;São 6 morangos.;EF01MA02
CON-040;contagem;2;numero;Quantos morangos você vê?;🍓🍓🍓🍓🍓 🍓🍓🍓🍓🍓 🍓🍓🍓🍓🍓 🍓🍓🍓;;18;Os desenhos estão em grupinhos de 5. Conte de 5 em 5 e depois o que sobrou!;Há 3 grupos de 5 (15) e mais 3: 15 + 3 = 18.;EF01MA02
CON-041;contagem;2;numero;Quantos morangos você vê?;🍓🍓🍓🍓🍓 🍓🍓🍓🍓🍓 🍓🍓🍓;;13;Os desenhos estão em grupinhos de 5. Conte de 5 em 5 e depois o que sobrou!;Há 2 grupos de 5 (10) e mais 3: 10 + 3 = 13.;EF01MA02
CON-042;contagem;3;numero;Quantos morangos você vê?;🍓🍓🍓🍓🍓 🍓🍓🍓🍓🍓 🍓🍓🍓🍓🍓 🍓🍓🍓🍓🍓 🍓🍓🍓🍓🍓 🍓🍓🍓🍓🍓 🍓;;31;Os desenhos estão em grupinhos de 5. Conte de 5 em 5 e depois o que sobrou!;Há 6 grupos de 5 (30) e mais 1: 30 + 1 = 31.;EF01MA02
CON-043;contagem;3;numero;Quantos morangos você vê?;🍓🍓🍓🍓🍓 🍓🍓🍓🍓🍓 🍓🍓🍓🍓🍓 🍓🍓🍓🍓🍓 🍓🍓🍓🍓🍓 🍓🍓🍓🍓🍓 🍓🍓;;32;Os desenhos estão em grupinhos de 5. Conte de 5 em 5 e depois o que sobrou!;Há 6 grupos de 5 (30) e mais 2: 30 + 2 = 32.;EF01MA02
CON-044;contagem;1;numero;Quantos pintinhos você vê?;🐤🐤🐤🐤🐤 🐤🐤🐤🐤;;9;Aponte com o dedo e conte um por um.;São 9 pintinhos.;EF01MA02
CON-045;contagem;1;numero;Quantos pintinhos você vê?;🐤🐤🐤🐤🐤 🐤🐤🐤;;8;Aponte com o dedo e conte um por um.;São 8 pintinhos.;EF01MA02
CON-046;contagem;2;numero;Quantos pintinhos você vê?;🐤🐤🐤🐤🐤 🐤🐤🐤🐤🐤 🐤🐤🐤🐤🐤;;15;Os desenhos estão em grupinhos de 5. Conte de 5 em 5 e depois o que sobrou!;Há 3 grupos de 5 (15) e mais 0: 15 + 0 = 15.;EF01MA02
CON-047;contagem;2;numero;Quantos pintinhos você vê?;🐤🐤🐤🐤🐤 🐤🐤🐤🐤🐤 🐤;;11;Os desenhos estão em grupinhos de 5. Conte de 5 em 5 e depois o que sobrou!;Há 2 grupos de 5 (10) e mais 1: 10 + 1 = 11.;EF01MA02
CON-048;contagem;3;numero;Quantos pintinhos você vê?;🐤🐤🐤🐤🐤 🐤🐤🐤🐤🐤 🐤🐤🐤🐤🐤 🐤🐤🐤🐤🐤 🐤🐤🐤🐤🐤 🐤🐤🐤🐤🐤 🐤🐤;;32;Os desenhos estão em grupinhos de 5. Conte de 5 em 5 e depois o que sobrou!;Há 6 grupos de 5 (30) e mais 2: 30 + 2 = 32.;EF01MA02
CON-049;contagem;3;numero;Quantos pintinhos você vê?;🐤🐤🐤🐤🐤 🐤🐤🐤🐤🐤 🐤🐤🐤🐤🐤 🐤🐤🐤🐤🐤 🐤🐤🐤🐤🐤 🐤;;26;Os desenhos estão em grupinhos de 5. Conte de 5 em 5 e depois o que sobrou!;Há 5 grupos de 5 (25) e mais 1: 25 + 1 = 26.;EF01MA02
CON-050;contagem;1;numero;Quantas bolas você vê?;⚽⚽⚽⚽⚽ ⚽;;6;Aponte com o dedo e conte um por um.;São 6 bolas.;EF01MA02
CON-051;contagem;1;numero;Quantas bolas você vê?;⚽⚽⚽⚽⚽ ⚽⚽;;7;Aponte com o dedo e conte um por um.;São 7 bolas.;EF01MA02
CON-052;contagem;2;numero;Quantas bolas você vê?;⚽⚽⚽⚽⚽ ⚽⚽⚽⚽⚽ ⚽⚽⚽⚽⚽ ⚽⚽;;17;Os desenhos estão em grupinhos de 5. Conte de 5 em 5 e depois o que sobrou!;Há 3 grupos de 5 (15) e mais 2: 15 + 2 = 17.;EF01MA02
CON-053;contagem;2;numero;Quantas bolas você vê?;⚽⚽⚽⚽⚽ ⚽⚽⚽⚽⚽ ⚽⚽;;12;Os desenhos estão em grupinhos de 5. Conte de 5 em 5 e depois o que sobrou!;Há 2 grupos de 5 (10) e mais 2: 10 + 2 = 12.;EF01MA02
CON-054;contagem;3;numero;Quantas bolas você vê?;⚽⚽⚽⚽⚽ ⚽⚽⚽⚽⚽ ⚽⚽⚽⚽⚽ ⚽⚽⚽⚽⚽ ⚽⚽⚽⚽⚽ ⚽⚽;;27;Os desenhos estão em grupinhos de 5. Conte de 5 em 5 e depois o que sobrou!;Há 5 grupos de 5 (25) e mais 2: 25 + 2 = 27.;EF01MA02
CON-055;contagem;3;numero;Quantas bolas você vê?;⚽⚽⚽⚽⚽ ⚽⚽⚽⚽⚽ ⚽⚽⚽⚽⚽ ⚽⚽⚽⚽⚽ ⚽⚽⚽⚽⚽ ⚽⚽⚽⚽⚽;;30;Os desenhos estão em grupinhos de 5. Conte de 5 em 5 e depois o que sobrou!;Há 6 grupos de 5 (30) e mais 0: 30 + 0 = 30.;EF01MA02
CON-056;contagem;1;numero;Quantas borboletas você vê?;🦋🦋🦋🦋🦋 🦋🦋🦋;;8;Aponte com o dedo e conte um por um.;São 8 borboletas.;EF01MA02
CON-057;contagem;1;numero;Quantas borboletas você vê?;🦋🦋🦋🦋🦋 🦋🦋;;7;Aponte com o dedo e conte um por um.;São 7 borboletas.;EF01MA02
CON-058;contagem;2;numero;Quantas borboletas você vê?;🦋🦋🦋🦋🦋 🦋🦋🦋🦋🦋 🦋🦋;;12;Os desenhos estão em grupinhos de 5. Conte de 5 em 5 e depois o que sobrou!;Há 2 grupos de 5 (10) e mais 2: 10 + 2 = 12.;EF01MA02
CON-059;contagem;2;numero;Quantas borboletas você vê?;🦋🦋🦋🦋🦋 🦋🦋🦋🦋🦋 🦋🦋🦋🦋🦋 🦋🦋;;17;Os desenhos estão em grupinhos de 5. Conte de 5 em 5 e depois o que sobrou!;Há 3 grupos de 5 (15) e mais 2: 15 + 2 = 17.;EF01MA02
CON-060;contagem;3;numero;Quantas borboletas você vê?;🦋🦋🦋🦋🦋 🦋🦋🦋🦋🦋 🦋🦋🦋🦋🦋 🦋🦋🦋🦋🦋 🦋🦋🦋🦋🦋 🦋🦋🦋🦋;;29;Os desenhos estão em grupinhos de 5. Conte de 5 em 5 e depois o que sobrou!;Há 5 grupos de 5 (25) e mais 4: 25 + 4 = 29.;EF01MA02
CON-061;contagem;3;numero;Quantas borboletas você vê?;🦋🦋🦋🦋🦋 🦋🦋🦋🦋🦋 🦋🦋🦋🦋🦋 🦋🦋🦋🦋🦋 🦋🦋🦋🦋🦋 🦋🦋🦋🦋🦋;;30;Os desenhos estão em grupinhos de 5. Conte de 5 em 5 e depois o que sobrou!;Há 6 grupos de 5 (30) e mais 0: 30 + 0 = 30.;EF01MA02
CON-062;contagem;1;numero;Quantos biscoitos você vê?;🍪🍪🍪🍪🍪 🍪🍪;;7;Aponte com o dedo e conte um por um.;São 7 biscoitos.;EF01MA02
CON-063;contagem;2;numero;Quantos biscoitos você vê?;🍪🍪🍪🍪🍪 🍪🍪🍪🍪🍪 🍪🍪🍪🍪🍪 🍪🍪🍪🍪;;19;Os desenhos estão em grupinhos de 5. Conte de 5 em 5 e depois o que sobrou!;Há 3 grupos de 5 (15) e mais 4: 15 + 4 = 19.;EF01MA02
CON-064;contagem;2;numero;Quantos biscoitos você vê?;🍪🍪🍪🍪🍪 🍪🍪🍪🍪🍪 🍪🍪🍪🍪🍪;;15;Os desenhos estão em grupinhos de 5. Conte de 5 em 5 e depois o que sobrou!;Há 3 grupos de 5 (15) e mais 0: 15 + 0 = 15.;EF01MA02
CON-065;contagem;3;numero;Quantos biscoitos você vê?;🍪🍪🍪🍪🍪 🍪🍪🍪🍪🍪 🍪🍪🍪🍪🍪 🍪🍪🍪🍪🍪 🍪🍪🍪🍪🍪 🍪🍪;;27;Os desenhos estão em grupinhos de 5. Conte de 5 em 5 e depois o que sobrou!;Há 5 grupos de 5 (25) e mais 2: 25 + 2 = 27.;EF01MA02
CON-066;contagem;3;numero;Quantos biscoitos você vê?;🍪🍪🍪🍪🍪 🍪🍪🍪🍪🍪 🍪🍪🍪🍪🍪 🍪🍪🍪🍪🍪 🍪🍪🍪🍪🍪 🍪🍪🍪🍪🍪;;30;Os desenhos estão em grupinhos de 5. Conte de 5 em 5 e depois o que sobrou!;Há 6 grupos de 5 (30) e mais 0: 30 + 0 = 30.;EF01MA02
CON-067;contagem;1;numero;Qual número vem logo DEPOIS do 14?;;;15;Conte para frente: qual é o próximo?;Depois do 14 vem o 15.;EF01MA04
CON-068;contagem;2;numero;Qual número vem logo DEPOIS do 30?;;;31;Conte para frente: qual é o próximo?;Depois do 30 vem o 31.;EF01MA04
CON-069;contagem;2;numero;Qual número vem logo DEPOIS do 58?;;;59;Conte para frente: qual é o próximo?;Depois do 58 vem o 59.;EF01MA04
CON-070;contagem;2;numero;Qual número vem logo DEPOIS do 72?;;;73;Conte para frente: qual é o próximo?;Depois do 72 vem o 73.;EF01MA04
CON-071;contagem;2;numero;Qual número vem logo DEPOIS do 28?;;;29;Conte para frente: qual é o próximo?;Depois do 28 vem o 29.;EF01MA04
CON-072;contagem;2;numero;Qual número vem logo DEPOIS do 81?;;;82;Conte para frente: qual é o próximo?;Depois do 81 vem o 82.;EF01MA04
CON-073;contagem;2;numero;Qual número vem logo DEPOIS do 77?;;;78;Conte para frente: qual é o próximo?;Depois do 77 vem o 78.;EF01MA04
CON-074;contagem;3;numero;Qual número vem logo DEPOIS do 19?;;;20;Conte para frente: qual é o próximo?;Depois do 19 vem o 20. Quando a unidade passa do 9, ganhamos mais uma dezena!;EF01MA04
CON-075;contagem;2;numero;Qual número vem logo DEPOIS do 33?;;;34;Conte para frente: qual é o próximo?;Depois do 33 vem o 34.;EF01MA04
CON-076;contagem;2;numero;Qual número vem logo DEPOIS do 61?;;;62;Conte para frente: qual é o próximo?;Depois do 61 vem o 62.;EF01MA04
CON-077;contagem;2;numero;Qual número vem logo DEPOIS do 51?;;;52;Conte para frente: qual é o próximo?;Depois do 51 vem o 52.;EF01MA04
CON-078;contagem;2;numero;Qual número vem logo DEPOIS do 66?;;;67;Conte para frente: qual é o próximo?;Depois do 66 vem o 67.;EF01MA04
CON-079;contagem;1;numero;Qual número vem logo DEPOIS do 16?;;;17;Conte para frente: qual é o próximo?;Depois do 16 vem o 17.;EF01MA04
CON-080;contagem;2;numero;Qual número vem logo DEPOIS do 31?;;;32;Conte para frente: qual é o próximo?;Depois do 31 vem o 32.;EF01MA04
CON-081;contagem;1;numero;Qual número vem logo DEPOIS do 10?;;;11;Conte para frente: qual é o próximo?;Depois do 10 vem o 11.;EF01MA04
CON-082;contagem;2;numero;Qual número vem logo DEPOIS do 68?;;;69;Conte para frente: qual é o próximo?;Depois do 68 vem o 69.;EF01MA04
CON-083;contagem;2;numero;Qual número vem logo DEPOIS do 23?;;;24;Conte para frente: qual é o próximo?;Depois do 23 vem o 24.;EF01MA04
CON-084;contagem;1;numero;Qual número vem logo DEPOIS do 13?;;;14;Conte para frente: qual é o próximo?;Depois do 13 vem o 14.;EF01MA04
CON-085;contagem;2;numero;Qual número vem logo DEPOIS do 46?;;;47;Conte para frente: qual é o próximo?;Depois do 46 vem o 47.;EF01MA04
CON-086;contagem;2;numero;Qual número vem logo DEPOIS do 45?;;;46;Conte para frente: qual é o próximo?;Depois do 45 vem o 46.;EF01MA04
CON-087;contagem;2;numero;Qual número vem logo DEPOIS do 96?;;;97;Conte para frente: qual é o próximo?;Depois do 96 vem o 97.;EF01MA04
CON-088;contagem;2;numero;Qual número vem logo DEPOIS do 52?;;;53;Conte para frente: qual é o próximo?;Depois do 52 vem o 53.;EF01MA04
CON-089;contagem;2;numero;Qual número vem logo DEPOIS do 43?;;;44;Conte para frente: qual é o próximo?;Depois do 43 vem o 44.;EF01MA04
CON-090;contagem;1;numero;Qual número vem logo DEPOIS do 17?;;;18;Conte para frente: qual é o próximo?;Depois do 17 vem o 18.;EF01MA04
CON-091;contagem;2;numero;Qual número vem logo DEPOIS do 76?;;;77;Conte para frente: qual é o próximo?;Depois do 76 vem o 77.;EF01MA04
CON-092;contagem;3;numero;Qual número vem logo DEPOIS do 49?;;;50;Conte para frente: qual é o próximo?;Depois do 49 vem o 50. Quando a unidade passa do 9, ganhamos mais uma dezena!;EF01MA04
CON-093;contagem;2;numero;Qual número vem logo DEPOIS do 83?;;;84;Conte para frente: qual é o próximo?;Depois do 83 vem o 84.;EF01MA04
CON-094;contagem;3;numero;Qual número vem logo DEPOIS do 59?;;;60;Conte para frente: qual é o próximo?;Depois do 59 vem o 60. Quando a unidade passa do 9, ganhamos mais uma dezena!;EF01MA04
CON-095;contagem;2;numero;Qual número vem logo DEPOIS do 35?;;;36;Conte para frente: qual é o próximo?;Depois do 35 vem o 36.;EF01MA04
CON-096;contagem;2;numero;Qual número vem logo DEPOIS do 90?;;;91;Conte para frente: qual é o próximo?;Depois do 90 vem o 91.;EF01MA04
CON-097;contagem;2;numero;Qual número vem logo ANTES do 83?;;;82;Conte para trás: qual número vem antes?;Antes do 83 vem o 82.;EF01MA04
CON-098;contagem;2;numero;Qual número vem logo ANTES do 36?;;;35;Conte para trás: qual número vem antes?;Antes do 36 vem o 35.;EF01MA04
CON-099;contagem;1;numero;Qual número vem logo ANTES do 11?;;;10;Conte para trás: qual número vem antes?;Antes do 11 vem o 10.;EF01MA04
CON-100;contagem;2;numero;Qual número vem logo ANTES do 63?;;;62;Conte para trás: qual número vem antes?;Antes do 63 vem o 62.;EF01MA04
CON-101;contagem;2;numero;Qual número vem logo ANTES do 69?;;;68;Conte para trás: qual número vem antes?;Antes do 69 vem o 68.;EF01MA04
CON-102;contagem;2;numero;Qual número vem logo ANTES do 48?;;;47;Conte para trás: qual número vem antes?;Antes do 48 vem o 47.;EF01MA04
CON-103;contagem;2;numero;Qual número vem logo ANTES do 46?;;;45;Conte para trás: qual número vem antes?;Antes do 46 vem o 45.;EF01MA04
CON-104;contagem;2;numero;Qual número vem logo ANTES do 89?;;;88;Conte para trás: qual número vem antes?;Antes do 89 vem o 88.;EF01MA04
CON-105;contagem;1;numero;Qual número vem logo ANTES do 18?;;;17;Conte para trás: qual número vem antes?;Antes do 18 vem o 17.;EF01MA04
CON-106;contagem;2;numero;Qual número vem logo ANTES do 33?;;;32;Conte para trás: qual número vem antes?;Antes do 33 vem o 32.;EF01MA04
CON-107;contagem;2;numero;Qual número vem logo ANTES do 94?;;;93;Conte para trás: qual número vem antes?;Antes do 94 vem o 93.;EF01MA04
CON-108;contagem;2;numero;Qual número vem logo ANTES do 79?;;;78;Conte para trás: qual número vem antes?;Antes do 79 vem o 78.;EF01MA04
CON-109;contagem;2;numero;Qual número vem logo ANTES do 74?;;;73;Conte para trás: qual número vem antes?;Antes do 74 vem o 73.;EF01MA04
CON-110;contagem;2;numero;Qual número vem logo ANTES do 29?;;;28;Conte para trás: qual número vem antes?;Antes do 29 vem o 28.;EF01MA04
CON-111;contagem;2;numero;Qual número vem logo ANTES do 66?;;;65;Conte para trás: qual número vem antes?;Antes do 66 vem o 65.;EF01MA04
CON-112;contagem;2;numero;Qual número vem logo ANTES do 68?;;;67;Conte para trás: qual número vem antes?;Antes do 68 vem o 67.;EF01MA04
CON-113;contagem;2;numero;Qual número vem logo ANTES do 88?;;;87;Conte para trás: qual número vem antes?;Antes do 88 vem o 87.;EF01MA04
CON-114;contagem;2;numero;Qual número vem logo ANTES do 84?;;;83;Conte para trás: qual número vem antes?;Antes do 84 vem o 83.;EF01MA04
CON-115;contagem;2;numero;Qual número vem logo ANTES do 97?;;;96;Conte para trás: qual número vem antes?;Antes do 97 vem o 96.;EF01MA04
CON-116;contagem;2;numero;Qual número vem logo ANTES do 56?;;;55;Conte para trás: qual número vem antes?;Antes do 56 vem o 55.;EF01MA04
CON-117;contagem;1;numero;Qual número vem logo ANTES do 17?;;;16;Conte para trás: qual número vem antes?;Antes do 17 vem o 16.;EF01MA04
CON-118;contagem;3;numero;Qual número vem logo ANTES do 80?;;;79;Conte para trás: qual número vem antes?;Antes do 80 vem o 79. Ao voltar do 0 na unidade, perdemos uma dezena e a unidade vira 9.;EF01MA04
CON-119;contagem;2;numero;Qual número vem logo ANTES do 81?;;;80;Conte para trás: qual número vem antes?;Antes do 81 vem o 80.;EF01MA04
CON-120;contagem;2;numero;Qual número vem logo ANTES do 91?;;;90;Conte para trás: qual número vem antes?;Antes do 91 vem o 90.;EF01MA04
CON-121;contagem;2;numero;Qual número vem logo ANTES do 25?;;;24;Conte para trás: qual número vem antes?;Antes do 25 vem o 24.;EF01MA04
CON-122;contagem;2;numero;Qual número vem logo ANTES do 32?;;;31;Conte para trás: qual número vem antes?;Antes do 32 vem o 31.;EF01MA04
CON-123;contagem;1;numero;Qual número vem logo ANTES do 16?;;;15;Conte para trás: qual número vem antes?;Antes do 16 vem o 15.;EF01MA04
CON-124;contagem;2;numero;Qual número vem logo ANTES do 78?;;;77;Conte para trás: qual número vem antes?;Antes do 78 vem o 77.;EF01MA04
CON-125;contagem;2;numero;Qual número vem logo ANTES do 58?;;;57;Conte para trás: qual número vem antes?;Antes do 58 vem o 57.;EF01MA04
CON-126;contagem;3;numero;Qual número fica entre 79 e 81?;;;80;É o número que vem logo depois do primeiro.;79, 80, 81. O número do meio é 80.;EF01MA04
CON-127;contagem;2;numero;Qual número fica entre 64 e 66?;;;65;É o número que vem logo depois do primeiro.;64, 65, 66. O número do meio é 65.;EF01MA04
CON-128;contagem;2;numero;Qual número fica entre 21 e 23?;;;22;É o número que vem logo depois do primeiro.;21, 22, 23. O número do meio é 22.;EF01MA04
CON-129;contagem;2;numero;Qual número fica entre 60 e 62?;;;61;É o número que vem logo depois do primeiro.;60, 61, 62. O número do meio é 61.;EF01MA04
CON-130;contagem;2;numero;Qual número fica entre 50 e 52?;;;51;É o número que vem logo depois do primeiro.;50, 51, 52. O número do meio é 51.;EF01MA04
CON-131;contagem;2;numero;Qual número fica entre 34 e 36?;;;35;É o número que vem logo depois do primeiro.;34, 35, 36. O número do meio é 35.;EF01MA04
CON-132;contagem;2;numero;Qual número fica entre 55 e 57?;;;56;É o número que vem logo depois do primeiro.;55, 56, 57. O número do meio é 56.;EF01MA04
CON-133;contagem;2;numero;Qual número fica entre 33 e 35?;;;34;É o número que vem logo depois do primeiro.;33, 34, 35. O número do meio é 34.;EF01MA04
CON-134;contagem;2;numero;Qual número fica entre 44 e 46?;;;45;É o número que vem logo depois do primeiro.;44, 45, 46. O número do meio é 45.;EF01MA04
CON-135;contagem;2;numero;Qual número fica entre 70 e 72?;;;71;É o número que vem logo depois do primeiro.;70, 71, 72. O número do meio é 71.;EF01MA04
CON-136;contagem;2;numero;Qual número fica entre 74 e 76?;;;75;É o número que vem logo depois do primeiro.;74, 75, 76. O número do meio é 75.;EF01MA04
CON-137;contagem;2;numero;Qual número fica entre 47 e 49?;;;48;É o número que vem logo depois do primeiro.;47, 48, 49. O número do meio é 48.;EF01MA04
CON-138;contagem;2;numero;Qual número fica entre 52 e 54?;;;53;É o número que vem logo depois do primeiro.;52, 53, 54. O número do meio é 53.;EF01MA04
CON-139;contagem;2;numero;Qual número fica entre 77 e 79?;;;78;É o número que vem logo depois do primeiro.;77, 78, 79. O número do meio é 78.;EF01MA04
CON-140;contagem;2;numero;Qual número fica entre 72 e 74?;;;73;É o número que vem logo depois do primeiro.;72, 73, 74. O número do meio é 73.;EF01MA04
CON-141;contagem;3;multipla;Como se escreve o número 67 por extenso?;;sessenta e oito | cinquenta e sete | sessenta e sete | setenta e seis;sessenta e sete;Leia primeiro a dezena e depois a unidade.;67 = 6 dezenas e 7 unidades → “sessenta e sete”.;EF01MA04
CON-142;contagem;2;multipla;Como se escreve o número 26 por extenso?;;vinte e sete | dezesseis | sessenta e dois | vinte e seis;vinte e seis;Leia primeiro a dezena e depois a unidade.;26 = 2 dezenas e 6 unidades → “vinte e seis”.;EF01MA04
CON-143;contagem;3;multipla;Como se escreve o número 78 por extenso?;;oitenta e sete | sessenta e oito | setenta e nove | setenta e oito;setenta e oito;Leia primeiro a dezena e depois a unidade.;78 = 7 dezenas e 8 unidades → “setenta e oito”.;EF01MA04
CON-144;contagem;3;multipla;Como se escreve o número 97 por extenso?;;setenta e nove | noventa e sete | oitenta e sete | noventa e oito;noventa e sete;Leia primeiro a dezena e depois a unidade.;97 = 9 dezenas e 7 unidades → “noventa e sete”.;EF01MA04
CON-145;contagem;2;multipla;Como se escreve o número 46 por extenso?;;trinta e seis | sessenta e quatro | quarenta e sete | quarenta e seis;quarenta e seis;Leia primeiro a dezena e depois a unidade.;46 = 4 dezenas e 6 unidades → “quarenta e seis”.;EF01MA04
CON-146;contagem;2;multipla;Como se escreve o número 23 por extenso?;;trinta e dois | vinte e três | treze | vinte e quatro;vinte e três;Leia primeiro a dezena e depois a unidade.;23 = 2 dezenas e 3 unidades → “vinte e três”.;EF01MA04
CON-147;contagem;2;multipla;Como se escreve o número 38 por extenso?;;vinte e oito | trinta e oito | oitenta e três | trinta e nove;trinta e oito;Leia primeiro a dezena e depois a unidade.;38 = 3 dezenas e 8 unidades → “trinta e oito”.;EF01MA04
CON-148;contagem;2;multipla;Como se escreve o número 40 por extenso?;;trinta | quarenta | cinquenta | quarenta e um;quarenta;Leia primeiro a dezena e depois a unidade.;40 = 4 dezenas e 0 unidades → “quarenta”.;EF01MA04
CON-149;contagem;2;multipla;Como se escreve o número 11 por extenso?;;trinta e um | doze | vinte e um | onze;onze;Leia primeiro a dezena e depois a unidade.;11 = 1 dezenas e 1 unidades → “onze”.;EF01MA04
CON-150;contagem;2;multipla;Como se escreve o número 22 por extenso?;;trinta e dois | vinte e três | vinte e dois | doze;vinte e dois;Leia primeiro a dezena e depois a unidade.;22 = 2 dezenas e 2 unidades → “vinte e dois”.;EF01MA04
CON-151;contagem;3;multipla;Como se escreve o número 69 por extenso?;;noventa e seis | setenta | cinquenta e nove | sessenta e nove;sessenta e nove;Leia primeiro a dezena e depois a unidade.;69 = 6 dezenas e 9 unidades → “sessenta e nove”.;EF01MA04
CON-152;contagem;3;multipla;Como se escreve o número 53 por extenso?;;trinta e cinco | quarenta e três | cinquenta e três | cinquenta e quatro;cinquenta e três;Leia primeiro a dezena e depois a unidade.;53 = 5 dezenas e 3 unidades → “cinquenta e três”.;EF01MA04
CON-153;contagem;3;multipla;Como se escreve o número 63 por extenso?;;sessenta e três | cinquenta e três | trinta e seis | sessenta e quatro;sessenta e três;Leia primeiro a dezena e depois a unidade.;63 = 6 dezenas e 3 unidades → “sessenta e três”.;EF01MA04
CON-154;contagem;3;multipla;Como se escreve o número 80 por extenso?;;setenta | oitenta e um | noventa | oitenta;oitenta;Leia primeiro a dezena e depois a unidade.;80 = 8 dezenas e 0 unidades → “oitenta”.;EF01MA04
CON-155;contagem;2;multipla;Como se escreve o número 34 por extenso?;;trinta e quatro | vinte e quatro | trinta e cinco | quarenta e três;trinta e quatro;Leia primeiro a dezena e depois a unidade.;34 = 3 dezenas e 4 unidades → “trinta e quatro”.;EF01MA04
CON-156;contagem;2;multipla;Como se escreve o número 14 por extenso?;;quarenta e um | catorze | quinze | trinta e quatro;catorze;Leia primeiro a dezena e depois a unidade.;14 = 1 dezenas e 4 unidades → “catorze”.;EF01MA04
CON-157;contagem;3;multipla;Como se escreve o número 56 por extenso?;;cinquenta e seis | sessenta e cinco | quarenta e seis | cinquenta e sete;cinquenta e seis;Leia primeiro a dezena e depois a unidade.;56 = 5 dezenas e 6 unidades → “cinquenta e seis”.;EF01MA04
CON-158;contagem;2;multipla;Como se escreve o número 31 por extenso?;;trinta e um | trinta e dois | treze | vinte e um;trinta e um;Leia primeiro a dezena e depois a unidade.;31 = 3 dezenas e 1 unidades → “trinta e um”.;EF01MA04
CON-159;contagem;3;multipla;Como se escreve o número 83 por extenso?;;setenta e três | trinta e oito | oitenta e quatro | oitenta e três;oitenta e três;Leia primeiro a dezena e depois a unidade.;83 = 8 dezenas e 3 unidades → “oitenta e três”.;EF01MA04
CON-160;contagem;3;multipla;Como se escreve o número 79 por extenso?;;sessenta e nove | oitenta | noventa e sete | setenta e nove;setenta e nove;Leia primeiro a dezena e depois a unidade.;79 = 7 dezenas e 9 unidades → “setenta e nove”.;EF01MA04
CON-161;contagem;3;multipla;Como se escreve o número 93 por extenso?;;trinta e nove | noventa e três | oitenta e três | noventa e quatro;noventa e três;Leia primeiro a dezena e depois a unidade.;93 = 9 dezenas e 3 unidades → “noventa e três”.;EF01MA04
CON-162;contagem;2;multipla;Como se escreve o número 25 por extenso?;;vinte e cinco | quinze | cinquenta e dois | vinte e seis;vinte e cinco;Leia primeiro a dezena e depois a unidade.;25 = 2 dezenas e 5 unidades → “vinte e cinco”.;EF01MA04
CON-163;contagem;3;multipla;Como se escreve o número 95 por extenso?;;oitenta e cinco | cinquenta e nove | noventa e seis | noventa e cinco;noventa e cinco;Leia primeiro a dezena e depois a unidade.;95 = 9 dezenas e 5 unidades → “noventa e cinco”.;EF01MA04
CON-164;contagem;3;multipla;Como se escreve o número 86 por extenso?;;setenta e seis | oitenta e seis | oitenta e sete | sessenta e oito;oitenta e seis;Leia primeiro a dezena e depois a unidade.;86 = 8 dezenas e 6 unidades → “oitenta e seis”.;EF01MA04
CON-165;contagem;2;multipla;Como se escreve o número 48 por extenso?;;oitenta e quatro | quarenta e nove | trinta e oito | quarenta e oito;quarenta e oito;Leia primeiro a dezena e depois a unidade.;48 = 4 dezenas e 8 unidades → “quarenta e oito”.;EF01MA04
CON-166;contagem;2;multipla;Como se escreve o número 45 por extenso?;;cinquenta e quatro | quarenta e seis | trinta e cinco | quarenta e cinco;quarenta e cinco;Leia primeiro a dezena e depois a unidade.;45 = 4 dezenas e 5 unidades → “quarenta e cinco”.;EF01MA04
CON-167;contagem;3;multipla;Como se escreve o número 88 por extenso?;;oitenta e oito | noventa e oito | setenta e oito | oitenta e nove;oitenta e oito;Leia primeiro a dezena e depois a unidade.;88 = 8 dezenas e 8 unidades → “oitenta e oito”.;EF01MA04
CON-168;contagem;3;multipla;Como se escreve o número 77 por extenso?;;setenta e oito | sessenta e sete | oitenta e sete | setenta e sete;setenta e sete;Leia primeiro a dezena e depois a unidade.;77 = 7 dezenas e 7 unidades → “setenta e sete”.;EF01MA04
CON-169;contagem;2;numero;Escreva com algarismos: “cinquenta e seis”.;;;56;Quantas dezenas? Quantas unidades?;“cinquenta e seis” é o número 56.;EF01MA04
CON-170;contagem;2;numero;Escreva com algarismos: “sessenta e quatro”.;;;64;Quantas dezenas? Quantas unidades?;“sessenta e quatro” é o número 64.;EF01MA04
CON-171;contagem;2;numero;Escreva com algarismos: “sessenta”.;;;60;Quantas dezenas? Quantas unidades?;“sessenta” é o número 60.;EF01MA04
CON-172;contagem;2;numero;Escreva com algarismos: “cinquenta e nove”.;;;59;Quantas dezenas? Quantas unidades?;“cinquenta e nove” é o número 59.;EF01MA04
CON-173;contagem;2;numero;Escreva com algarismos: “quarenta e um”.;;;41;Quantas dezenas? Quantas unidades?;“quarenta e um” é o número 41.;EF01MA04
CON-174;contagem;2;numero;Escreva com algarismos: “noventa e cinco”.;;;95;Quantas dezenas? Quantas unidades?;“noventa e cinco” é o número 95.;EF01MA04
CON-175;contagem;2;numero;Escreva com algarismos: “trinta e nove”.;;;39;Quantas dezenas? Quantas unidades?;“trinta e nove” é o número 39.;EF01MA04
CON-176;contagem;2;numero;Escreva com algarismos: “vinte e sete”.;;;27;Quantas dezenas? Quantas unidades?;“vinte e sete” é o número 27.;EF01MA04
CON-177;contagem;2;numero;Escreva com algarismos: “trinta e quatro”.;;;34;Quantas dezenas? Quantas unidades?;“trinta e quatro” é o número 34.;EF01MA04
CON-178;contagem;2;numero;Escreva com algarismos: “oitenta”.;;;80;Quantas dezenas? Quantas unidades?;“oitenta” é o número 80.;EF01MA04
CON-179;contagem;2;numero;Escreva com algarismos: “catorze”.;;;14;Quantas dezenas? Quantas unidades?;“catorze” é o número 14.;EF01MA04
CON-180;contagem;2;numero;Escreva com algarismos: “noventa e oito”.;;;98;Quantas dezenas? Quantas unidades?;“noventa e oito” é o número 98.;EF01MA04
CON-181;contagem;2;numero;Escreva com algarismos: “oitenta e dois”.;;;82;Quantas dezenas? Quantas unidades?;“oitenta e dois” é o número 82.;EF01MA04
CON-182;contagem;2;numero;Escreva com algarismos: “sessenta e um”.;;;61;Quantas dezenas? Quantas unidades?;“sessenta e um” é o número 61.;EF01MA04
CON-183;contagem;2;numero;Escreva com algarismos: “quarenta e três”.;;;43;Quantas dezenas? Quantas unidades?;“quarenta e três” é o número 43.;EF01MA04
CON-184;contagem;2;numero;Escreva com algarismos: “vinte e nove”.;;;29;Quantas dezenas? Quantas unidades?;“vinte e nove” é o número 29.;EF01MA04
CON-185;contagem;2;numero;Escreva com algarismos: “quarenta”.;;;40;Quantas dezenas? Quantas unidades?;“quarenta” é o número 40.;EF01MA04
CON-186;contagem;2;numero;Escreva com algarismos: “treze”.;;;13;Quantas dezenas? Quantas unidades?;“treze” é o número 13.;EF01MA04
CON-187;contagem;3;numero;Contando de 1 até 10, quantos números você falou?;;;10;Conte nos dedos!;1, 2, 3, 4, 5, 6, 7, 8, 9, 10: são 10 números.;EF01MA02
CON-188;contagem;3;numero;Quantos números existem de 10 até 20, contando o 10 e o 20?;;;11;Cuidado: conte o 10 também!;10, 11, 12, 13, 14, 15, 16, 17, 18, 19, 20: são 11 números.;EF01MA02
CON-189;contagem;2;numero;Qual é o maior número que tem só um algarismo?;;;9;Os números de um algarismo vão do 0 ao 9.;O 9 é o maior número com um só algarismo.;EF01MA02
CON-190;contagem;2;numero;Qual é o menor número que tem dois algarismos?;;;10;Depois do 9 vem...;O 10 é o primeiro número com dois algarismos.;EF01MA02
CON-191;contagem;3;numero;Qual é o maior número que tem dois algarismos?;;;99;Pense no número que vem logo antes do 100.;"O 99 é o maior; depois dele vem o 100, que tem três algarismos.";EF01MA02
CON-192;contagem;1;numero;Quantos dedos você tem nas duas mãos?;;;10;Conte os dedos de uma mão e depois da outra.;5 + 5 = 10 dedos.;EF01MA02
CON-193;contagem;2;numero;Quantos dedos têm 3 mãos?;;;15;Cada mão tem 5 dedos. Conte de 5 em 5.;5, 10, 15: são 15 dedos.;EF01MA02
CON-194;contagem;3;numero;Quantos dedos têm 4 pessoas, contando só as mãos?;;;40;Cada pessoa tem 10 dedos nas mãos.;10, 20, 30, 40: são 40 dedos.;EF01MA02
CON-195;contagem;3;numero;Numa fila, Ana é a 2ª criança e ainda há 4 crianças atrás. Quantas crianças há na fila?;;;6;Desenhe bolinhas para a fila!;Até Ana são 2 crianças. Depois vêm mais 4: 2 + 4 = 6.;EF01MA01
CON-196;contagem;3;numero;Numa fila, Pedro é a 6ª criança e ainda há 5 crianças atrás. Quantas crianças há na fila?;;;11;Desenhe bolinhas para a fila!;Até Pedro são 6 crianças. Depois vêm mais 5: 6 + 5 = 11.;EF01MA01
CON-197;contagem;3;numero;Numa fila, Lucas é a 5ª criança e ainda há 4 crianças atrás. Quantas crianças há na fila?;;;9;Desenhe bolinhas para a fila!;Até Lucas são 5 crianças. Depois vêm mais 4: 5 + 4 = 9.;EF01MA01
CON-198;contagem;3;numero;Numa fila, Júlia é a 4ª criança e ainda há 3 crianças atrás. Quantas crianças há na fila?;;;7;Desenhe bolinhas para a fila!;Até Júlia são 4 crianças. Depois vêm mais 3: 4 + 3 = 7.;EF01MA01
CON-199;contagem;3;numero;Numa fila, Miguel é a 6ª criança e ainda há 2 crianças atrás. Quantas crianças há na fila?;;;8;Desenhe bolinhas para a fila!;Até Miguel são 6 crianças. Depois vêm mais 2: 6 + 2 = 8.;EF01MA01
CON-200;contagem;3;numero;Numa fila, Laura é a 3ª criança e ainda há 6 crianças atrás. Quantas crianças há na fila?;;;9;Desenhe bolinhas para a fila!;Até Laura são 3 crianças. Depois vêm mais 6: 3 + 6 = 9.;EF01MA01
CON-201;contagem;3;numero;Numa fila, Davi é a 2ª criança e ainda há 6 crianças atrás. Quantas crianças há na fila?;;;8;Desenhe bolinhas para a fila!;Até Davi são 2 crianças. Depois vêm mais 6: 2 + 6 = 8.;EF01MA01
CON-202;contagem;3;numero;Numa fila, Helena é a 4ª criança e ainda há 4 crianças atrás. Quantas crianças há na fila?;;;8;Desenhe bolinhas para a fila!;Até Helena são 4 crianças. Depois vêm mais 4: 4 + 4 = 8.;EF01MA01
CON-203;contagem;3;numero;Numa fila, Gabriel é a 6ª criança e ainda há 4 crianças atrás. Quantas crianças há na fila?;;;10;Desenhe bolinhas para a fila!;Até Gabriel são 6 crianças. Depois vêm mais 4: 6 + 4 = 10.;EF01MA01
CON-204;contagem;3;numero;Numa fila, Alice é a 2ª criança e ainda há 2 crianças atrás. Quantas crianças há na fila?;;;4;Desenhe bolinhas para a fila!;Até Alice são 2 crianças. Depois vêm mais 2: 2 + 2 = 4.;EF01MA01
DEZ-001;dezenas;2;multipla;Quantas dezenas e unidades tem o número 49?;;4 dezenas e 4 unidades | 9 dezenas e 4 unidades | 4 dezenas e 9 unidades | 9 dezenas e 9 unidades;4 dezenas e 9 unidades;O algarismo da esquerda mostra as dezenas.;49 = 40 + 9, ou seja, 4 dezenas e 9 unidades.;EF01MA07
DEZ-002;dezenas;2;multipla;Quantas dezenas e unidades tem o número 85?;;5 dezenas e 8 unidades | 8 dezenas e 8 unidades | 8 dezenas e 5 unidades | 5 dezenas e 5 unidades;8 dezenas e 5 unidades;O algarismo da esquerda mostra as dezenas.;85 = 80 + 5, ou seja, 8 dezenas e 5 unidades.;EF01MA07
DEZ-003;dezenas;1;multipla;Quantas dezenas e unidades tem o número 19?;;9 dezenas e 9 unidades | 1 dezena e 1 unidade | 9 dezenas e 1 unidade | 1 dezena e 9 unidades;1 dezena e 9 unidades;O algarismo da esquerda mostra as dezenas.;19 = 10 + 9, ou seja, 1 dezena e 9 unidades.;EF01MA07
DEZ-004;dezenas;2;multipla;Quantas dezenas e unidades tem o número 46?;;6 dezenas e 4 unidades | 6 dezenas e 6 unidades | 4 dezenas e 6 unidades | 4 dezenas e 4 unidades;4 dezenas e 6 unidades;O algarismo da esquerda mostra as dezenas.;46 = 40 + 6, ou seja, 4 dezenas e 6 unidades.;EF01MA07
DEZ-005;dezenas;2;multipla;Quantas dezenas e unidades tem o número 92?;;2 dezenas e 9 unidades | 2 dezenas e 2 unidades | 9 dezenas e 9 unidades | 9 dezenas e 2 unidades;9 dezenas e 2 unidades;O algarismo da esquerda mostra as dezenas.;92 = 90 + 2, ou seja, 9 dezenas e 2 unidades.;EF01MA07
DEZ-006;dezenas;1;multipla;Quantas dezenas e unidades tem o número 35?;;5 dezenas e 3 unidades | 3 dezenas e 5 unidades | 5 dezenas e 5 unidades | 3 dezenas e 3 unidades;3 dezenas e 5 unidades;O algarismo da esquerda mostra as dezenas.;35 = 30 + 5, ou seja, 3 dezenas e 5 unidades.;EF01MA07
DEZ-007;dezenas;2;multipla;Quantas dezenas e unidades tem o número 74?;;7 dezenas e 7 unidades | 7 dezenas e 4 unidades | 4 dezenas e 7 unidades | 4 dezenas e 4 unidades;7 dezenas e 4 unidades;O algarismo da esquerda mostra as dezenas.;74 = 70 + 4, ou seja, 7 dezenas e 4 unidades.;EF01MA07
DEZ-008;dezenas;2;multipla;Quantas dezenas e unidades tem o número 68?;;8 dezenas e 6 unidades | 6 dezenas e 6 unidades | 8 dezenas e 8 unidades | 6 dezenas e 8 unidades;6 dezenas e 8 unidades;O algarismo da esquerda mostra as dezenas.;68 = 60 + 8, ou seja, 6 dezenas e 8 unidades.;EF01MA07
DEZ-009;dezenas;2;multipla;Quantas dezenas e unidades tem o número 47?;;4 dezenas e 7 unidades | 4 dezenas e 4 unidades | 7 dezenas e 4 unidades | 7 dezenas e 7 unidades;4 dezenas e 7 unidades;O algarismo da esquerda mostra as dezenas.;47 = 40 + 7, ou seja, 4 dezenas e 7 unidades.;EF01MA07
DEZ-010;dezenas;2;multipla;Quantas dezenas e unidades tem o número 54?;;4 dezenas e 5 unidades | 4 dezenas e 4 unidades | 5 dezenas e 4 unidades | 5 dezenas e 5 unidades;5 dezenas e 4 unidades;O algarismo da esquerda mostra as dezenas.;54 = 50 + 4, ou seja, 5 dezenas e 4 unidades.;EF01MA07
DEZ-011;dezenas;2;multipla;Quantas dezenas e unidades tem o número 76?;;7 dezenas e 6 unidades | 7 dezenas e 7 unidades | 6 dezenas e 6 unidades | 6 dezenas e 7 unidades;7 dezenas e 6 unidades;O algarismo da esquerda mostra as dezenas.;76 = 70 + 6, ou seja, 7 dezenas e 6 unidades.;EF01MA07
DEZ-012;dezenas;1;multipla;Quantas dezenas e unidades tem o número 32?;;2 dezenas e 2 unidades | 3 dezenas e 2 unidades | 2 dezenas e 3 unidades | 3 dezenas e 3 unidades;3 dezenas e 2 unidades;O algarismo da esquerda mostra as dezenas.;32 = 30 + 2, ou seja, 3 dezenas e 2 unidades.;EF01MA07
DEZ-013;dezenas;1;multipla;Quantas dezenas e unidades tem o número 37?;;7 dezenas e 3 unidades | 3 dezenas e 3 unidades | 3 dezenas e 7 unidades | 7 dezenas e 7 unidades;3 dezenas e 7 unidades;O algarismo da esquerda mostra as dezenas.;37 = 30 + 7, ou seja, 3 dezenas e 7 unidades.;EF01MA07
DEZ-014;dezenas;2;multipla;Quantas dezenas e unidades tem o número 79?;;7 dezenas e 9 unidades | 7 dezenas e 7 unidades | 9 dezenas e 7 unidades | 9 dezenas e 9 unidades;7 dezenas e 9 unidades;O algarismo da esquerda mostra as dezenas.;79 = 70 + 9, ou seja, 7 dezenas e 9 unidades.;EF01MA07
DEZ-015;dezenas;1;multipla;Quantas dezenas e unidades tem o número 26?;;6 dezenas e 6 unidades | 2 dezenas e 6 unidades | 2 dezenas e 2 unidades | 6 dezenas e 2 unidades;2 dezenas e 6 unidades;O algarismo da esquerda mostra as dezenas.;26 = 20 + 6, ou seja, 2 dezenas e 6 unidades.;EF01MA07
DEZ-016;dezenas;1;multipla;Quantas dezenas e unidades tem o número 39?;;3 dezenas e 3 unidades | 3 dezenas e 9 unidades | 9 dezenas e 9 unidades | 9 dezenas e 3 unidades;3 dezenas e 9 unidades;O algarismo da esquerda mostra as dezenas.;39 = 30 + 9, ou seja, 3 dezenas e 9 unidades.;EF01MA07
DEZ-017;dezenas;1;multipla;Quantas dezenas e unidades tem o número 38?;;8 dezenas e 8 unidades | 3 dezenas e 3 unidades | 3 dezenas e 8 unidades | 8 dezenas e 3 unidades;3 dezenas e 8 unidades;O algarismo da esquerda mostra as dezenas.;38 = 30 + 8, ou seja, 3 dezenas e 8 unidades.;EF01MA07
DEZ-018;dezenas;2;multipla;Quantas dezenas e unidades tem o número 89?;;8 dezenas e 8 unidades | 9 dezenas e 9 unidades | 9 dezenas e 8 unidades | 8 dezenas e 9 unidades;8 dezenas e 9 unidades;O algarismo da esquerda mostra as dezenas.;89 = 80 + 9, ou seja, 8 dezenas e 9 unidades.;EF01MA07
DEZ-019;dezenas;2;multipla;Quantas dezenas e unidades tem o número 61?;;1 dezena e 1 unidade | 6 dezenas e 1 unidade | 1 dezena e 6 unidades | 6 dezenas e 6 unidades;6 dezenas e 1 unidade;O algarismo da esquerda mostra as dezenas.;61 = 60 + 1, ou seja, 6 dezenas e 1 unidade.;EF01MA07
DEZ-020;dezenas;2;multipla;Quantas dezenas e unidades tem o número 78?;;8 dezenas e 8 unidades | 7 dezenas e 8 unidades | 7 dezenas e 7 unidades | 8 dezenas e 7 unidades;7 dezenas e 8 unidades;O algarismo da esquerda mostra as dezenas.;78 = 70 + 8, ou seja, 7 dezenas e 8 unidades.;EF01MA07
DEZ-021;dezenas;2;multipla;Quantas dezenas e unidades tem o número 87?;;8 dezenas e 8 unidades | 7 dezenas e 7 unidades | 8 dezenas e 7 unidades | 7 dezenas e 8 unidades;8 dezenas e 7 unidades;O algarismo da esquerda mostra as dezenas.;87 = 80 + 7, ou seja, 8 dezenas e 7 unidades.;EF01MA07
DEZ-022;dezenas;2;multipla;Quantas dezenas e unidades tem o número 48?;;8 dezenas e 4 unidades | 4 dezenas e 4 unidades | 4 dezenas e 8 unidades | 8 dezenas e 8 unidades;4 dezenas e 8 unidades;O algarismo da esquerda mostra as dezenas.;48 = 40 + 8, ou seja, 4 dezenas e 8 unidades.;EF01MA07
DEZ-023;dezenas;2;multipla;Quantas dezenas e unidades tem o número 64?;;6 dezenas e 4 unidades | 6 dezenas e 6 unidades | 4 dezenas e 6 unidades | 4 dezenas e 4 unidades;6 dezenas e 4 unidades;O algarismo da esquerda mostra as dezenas.;64 = 60 + 4, ou seja, 6 dezenas e 4 unidades.;EF01MA07
DEZ-024;dezenas;2;multipla;Quantas dezenas e unidades tem o número 57?;;7 dezenas e 7 unidades | 5 dezenas e 5 unidades | 7 dezenas e 5 unidades | 5 dezenas e 7 unidades;5 dezenas e 7 unidades;O algarismo da esquerda mostra as dezenas.;57 = 50 + 7, ou seja, 5 dezenas e 7 unidades.;EF01MA07
DEZ-025;dezenas;2;multipla;Quantas dezenas e unidades tem o número 93?;;3 dezenas e 9 unidades | 9 dezenas e 9 unidades | 9 dezenas e 3 unidades | 3 dezenas e 3 unidades;9 dezenas e 3 unidades;O algarismo da esquerda mostra as dezenas.;93 = 90 + 3, ou seja, 9 dezenas e 3 unidades.;EF01MA07
DEZ-026;dezenas;2;multipla;Quantas dezenas e unidades tem o número 82?;;8 dezenas e 2 unidades | 2 dezenas e 8 unidades | 2 dezenas e 2 unidades | 8 dezenas e 8 unidades;8 dezenas e 2 unidades;O algarismo da esquerda mostra as dezenas.;82 = 80 + 2, ou seja, 8 dezenas e 2 unidades.;EF01MA07
DEZ-027;dezenas;1;multipla;Quantas dezenas e unidades tem o número 24?;;4 dezenas e 2 unidades | 4 dezenas e 4 unidades | 2 dezenas e 4 unidades | 2 dezenas e 2 unidades;2 dezenas e 4 unidades;O algarismo da esquerda mostra as dezenas.;24 = 20 + 4, ou seja, 2 dezenas e 4 unidades.;EF01MA07
DEZ-028;dezenas;2;multipla;Quantas dezenas e unidades tem o número 86?;;6 dezenas e 6 unidades | 8 dezenas e 8 unidades | 6 dezenas e 8 unidades | 8 dezenas e 6 unidades;8 dezenas e 6 unidades;O algarismo da esquerda mostra as dezenas.;86 = 80 + 6, ou seja, 8 dezenas e 6 unidades.;EF01MA07
DEZ-029;dezenas;2;multipla;Quantas dezenas e unidades tem o número 43?;;3 dezenas e 4 unidades | 4 dezenas e 3 unidades | 3 dezenas e 3 unidades | 4 dezenas e 4 unidades;4 dezenas e 3 unidades;O algarismo da esquerda mostra as dezenas.;43 = 40 + 3, ou seja, 4 dezenas e 3 unidades.;EF01MA07
DEZ-030;dezenas;1;multipla;Quantas dezenas e unidades tem o número 23?;;2 dezenas e 3 unidades | 2 dezenas e 2 unidades | 3 dezenas e 3 unidades | 3 dezenas e 2 unidades;2 dezenas e 3 unidades;O algarismo da esquerda mostra as dezenas.;23 = 20 + 3, ou seja, 2 dezenas e 3 unidades.;EF01MA07
DEZ-031;dezenas;2;numero;7 dezenas e 5 unidades formam qual número?;;;75;Cada dezena vale 10.;"7 dezenas = 70; 70 + 5 = 75.";EF01MA07
DEZ-032;dezenas;2;numero;8 dezenas e 2 unidades formam qual número?;;;82;Cada dezena vale 10.;"8 dezenas = 80; 80 + 2 = 82.";EF01MA07
DEZ-033;dezenas;2;numero;5 dezenas e 3 unidades formam qual número?;;;53;Cada dezena vale 10.;"5 dezenas = 50; 50 + 3 = 53.";EF01MA07
DEZ-034;dezenas;2;numero;5 dezenas e 2 unidades formam qual número?;;;52;Cada dezena vale 10.;"5 dezenas = 50; 50 + 2 = 52.";EF01MA07
DEZ-035;dezenas;2;numero;9 dezenas e 5 unidades formam qual número?;;;95;Cada dezena vale 10.;"9 dezenas = 90; 90 + 5 = 95.";EF01MA07
DEZ-036;dezenas;2;numero;7 dezenas e 4 unidades formam qual número?;;;74;Cada dezena vale 10.;"7 dezenas = 70; 70 + 4 = 74.";EF01MA07
DEZ-037;dezenas;2;numero;6 dezenas e 2 unidades formam qual número?;;;62;Cada dezena vale 10.;"6 dezenas = 60; 60 + 2 = 62.";EF01MA07
DEZ-038;dezenas;2;numero;5 dezenas e 1 unidade formam qual número?;;;51;Cada dezena vale 10.;"5 dezenas = 50; 50 + 1 = 51.";EF01MA07
DEZ-039;dezenas;1;numero;3 dezenas e 3 unidades formam qual número?;;;33;Cada dezena vale 10.;"3 dezenas = 30; 30 + 3 = 33.";EF01MA07
DEZ-040;dezenas;1;numero;3 dezenas e 6 unidades formam qual número?;;;36;Cada dezena vale 10.;"3 dezenas = 30; 30 + 6 = 36.";EF01MA07
DEZ-041;dezenas;2;numero;7 dezenas e 0 unidades formam qual número?;;;70;Cada dezena vale 10.;"7 dezenas = 70; 70 + 0 = 70.";EF01MA07
DEZ-042;dezenas;1;numero;3 dezenas e 9 unidades formam qual número?;;;39;Cada dezena vale 10.;"3 dezenas = 30; 30 + 9 = 39.";EF01MA07
DEZ-043;dezenas;2;numero;5 dezenas e 5 unidades formam qual número?;;;55;Cada dezena vale 10.;"5 dezenas = 50; 50 + 5 = 55.";EF01MA07
DEZ-044;dezenas;2;numero;8 dezenas e 7 unidades formam qual número?;;;87;Cada dezena vale 10.;"8 dezenas = 80; 80 + 7 = 87.";EF01MA07
DEZ-045;dezenas;2;numero;6 dezenas e 3 unidades formam qual número?;;;63;Cada dezena vale 10.;"6 dezenas = 60; 60 + 3 = 63.";EF01MA07
DEZ-046;dezenas;2;numero;5 dezenas e 9 unidades formam qual número?;;;59;Cada dezena vale 10.;"5 dezenas = 50; 50 + 9 = 59.";EF01MA07
DEZ-047;dezenas;1;numero;3 dezenas e 8 unidades formam qual número?;;;38;Cada dezena vale 10.;"3 dezenas = 30; 30 + 8 = 38.";EF01MA07
DEZ-048;dezenas;1;numero;3 dezenas e 0 unidades formam qual número?;;;30;Cada dezena vale 10.;"3 dezenas = 30; 30 + 0 = 30.";EF01MA07
DEZ-049;dezenas;2;numero;6 dezenas e 7 unidades formam qual número?;;;67;Cada dezena vale 10.;"6 dezenas = 60; 60 + 7 = 67.";EF01MA07
DEZ-050;dezenas;1;numero;2 dezenas e 7 unidades formam qual número?;;;27;Cada dezena vale 10.;"2 dezenas = 20; 20 + 7 = 27.";EF01MA07
DEZ-051;dezenas;2;numero;6 dezenas e 6 unidades formam qual número?;;;66;Cada dezena vale 10.;"6 dezenas = 60; 60 + 6 = 66.";EF01MA07
DEZ-052;dezenas;1;numero;4 dezenas e 5 unidades formam qual número?;;;45;Cada dezena vale 10.;"4 dezenas = 40; 40 + 5 = 45.";EF01MA07
DEZ-053;dezenas;2;numero;9 dezenas e 7 unidades formam qual número?;;;97;Cada dezena vale 10.;"9 dezenas = 90; 90 + 7 = 97.";EF01MA07
DEZ-054;dezenas;1;numero;2 dezenas e 6 unidades formam qual número?;;;26;Cada dezena vale 10.;"2 dezenas = 20; 20 + 6 = 26.";EF01MA07
DEZ-055;dezenas;2;numero;9 dezenas e 2 unidades formam qual número?;;;92;Cada dezena vale 10.;"9 dezenas = 90; 90 + 2 = 92.";EF01MA07
DEZ-056;dezenas;2;numero;7 dezenas e 8 unidades formam qual número?;;;78;Cada dezena vale 10.;"7 dezenas = 70; 70 + 8 = 78.";EF01MA07
DEZ-057;dezenas;2;numero;6 dezenas e 4 unidades formam qual número?;;;64;Cada dezena vale 10.;"6 dezenas = 60; 60 + 4 = 64.";EF01MA07
DEZ-058;dezenas;2;numero;7 dezenas e 9 unidades formam qual número?;;;79;Cada dezena vale 10.;"7 dezenas = 70; 70 + 9 = 79.";EF01MA07
DEZ-059;dezenas;2;numero;8 dezenas e 8 unidades formam qual número?;;;88;Cada dezena vale 10.;"8 dezenas = 80; 80 + 8 = 88.";EF01MA07
DEZ-060;dezenas;2;numero;8 dezenas e 0 unidades formam qual número?;;;80;Cada dezena vale 10.;"8 dezenas = 80; 80 + 0 = 80.";EF01MA07
DEZ-061;dezenas;1;numero;Quantas dezenas tem o número 10?;;;1;Conte de 10 em 10 até chegar nele.;10 = 1 × 10, então são 1 dezenas.;EF01MA07
DEZ-062;dezenas;1;numero;Quantas dezenas tem o número 20?;;;2;Conte de 10 em 10 até chegar nele.;20 = 2 × 10, então são 2 dezenas.;EF01MA07
DEZ-063;dezenas;1;numero;Quantas dezenas tem o número 30?;;;3;Conte de 10 em 10 até chegar nele.;30 = 3 × 10, então são 3 dezenas.;EF01MA07
DEZ-064;dezenas;1;numero;Quantas dezenas tem o número 40?;;;4;Conte de 10 em 10 até chegar nele.;40 = 4 × 10, então são 4 dezenas.;EF01MA07
DEZ-065;dezenas;1;numero;Quantas dezenas tem o número 50?;;;5;Conte de 10 em 10 até chegar nele.;50 = 5 × 10, então são 5 dezenas.;EF01MA07
DEZ-066;dezenas;1;numero;Quantas dezenas tem o número 60?;;;6;Conte de 10 em 10 até chegar nele.;60 = 6 × 10, então são 6 dezenas.;EF01MA07
DEZ-067;dezenas;1;numero;Quantas dezenas tem o número 70?;;;7;Conte de 10 em 10 até chegar nele.;70 = 7 × 10, então são 7 dezenas.;EF01MA07
DEZ-068;dezenas;1;numero;Quantas dezenas tem o número 80?;;;8;Conte de 10 em 10 até chegar nele.;80 = 8 × 10, então são 8 dezenas.;EF01MA07
DEZ-069;dezenas;1;numero;Quantas dezenas tem o número 90?;;;9;Conte de 10 em 10 até chegar nele.;90 = 9 × 10, então são 9 dezenas.;EF01MA07
DEZ-070;dezenas;3;numero;2 dezenas e 18 unidades formam qual número?;;;38;18 unidades = 1 dezena e 8 unidades.;20 + 18 = 38.;EF01MA07
DEZ-071;dezenas;3;numero;6 dezenas e 14 unidades formam qual número?;;;74;14 unidades = 1 dezena e 4 unidades.;60 + 14 = 74.;EF01MA07
DEZ-072;dezenas;3;numero;2 dezenas e 15 unidades formam qual número?;;;35;15 unidades = 1 dezena e 5 unidades.;20 + 15 = 35.;EF01MA07
DEZ-073;dezenas;3;numero;1 dezenas e 14 unidades formam qual número?;;;24;14 unidades = 1 dezena e 4 unidades.;10 + 14 = 24.;EF01MA07
DEZ-074;dezenas;3;numero;3 dezenas e 19 unidades formam qual número?;;;49;19 unidades = 1 dezena e 9 unidades.;30 + 19 = 49.;EF01MA07
DEZ-075;dezenas;3;numero;4 dezenas e 16 unidades formam qual número?;;;56;16 unidades = 1 dezena e 6 unidades.;40 + 16 = 56.;EF01MA07
DEZ-076;dezenas;3;numero;4 dezenas e 10 unidades formam qual número?;;;50;10 unidades = 1 dezena e 0 unidades.;40 + 10 = 50.;EF01MA07
DEZ-077;dezenas;3;numero;5 dezenas e 15 unidades formam qual número?;;;65;15 unidades = 1 dezena e 5 unidades.;50 + 15 = 65.;EF01MA07
DEZ-078;dezenas;3;numero;6 dezenas e 16 unidades formam qual número?;;;76;16 unidades = 1 dezena e 6 unidades.;60 + 16 = 76.;EF01MA07
DEZ-079;dezenas;3;numero;3 dezenas e 11 unidades formam qual número?;;;41;11 unidades = 1 dezena e 1 unidades.;30 + 11 = 41.;EF01MA07
DEZ-080;dezenas;3;numero;6 dezenas e 17 unidades formam qual número?;;;77;17 unidades = 1 dezena e 7 unidades.;60 + 17 = 77.;EF01MA07
DEZ-081;dezenas;3;numero;6 dezenas e 18 unidades formam qual número?;;;78;18 unidades = 1 dezena e 8 unidades.;60 + 18 = 78.;EF01MA07
DEZ-082;dezenas;3;numero;5 dezenas e 13 unidades formam qual número?;;;63;13 unidades = 1 dezena e 3 unidades.;50 + 13 = 63.;EF01MA07
DEZ-083;dezenas;3;numero;4 dezenas e 15 unidades formam qual número?;;;55;15 unidades = 1 dezena e 5 unidades.;40 + 15 = 55.;EF01MA07
DEZ-084;dezenas;3;numero;6 dezenas e 15 unidades formam qual número?;;;75;15 unidades = 1 dezena e 5 unidades.;60 + 15 = 75.;EF01MA07
DEZ-085;dezenas;3;numero;1 dezenas e 16 unidades formam qual número?;;;26;16 unidades = 1 dezena e 6 unidades.;10 + 16 = 26.;EF01MA07
DEZ-086;dezenas;3;numero;6 dezenas e 12 unidades formam qual número?;;;72;12 unidades = 1 dezena e 2 unidades.;60 + 12 = 72.;EF01MA07
DEZ-087;dezenas;3;numero;5 dezenas e 14 unidades formam qual número?;;;64;14 unidades = 1 dezena e 4 unidades.;50 + 14 = 64.;EF01MA07
DEZ-088;dezenas;3;numero;5 dezenas e 19 unidades formam qual número?;;;69;19 unidades = 1 dezena e 9 unidades.;50 + 19 = 69.;EF01MA07
DEZ-089;dezenas;3;numero;4 dezenas e 17 unidades formam qual número?;;;57;17 unidades = 1 dezena e 7 unidades.;40 + 17 = 57.;EF01MA07
DEZ-090;dezenas;3;numero;1 dezenas e 10 unidades formam qual número?;;;20;10 unidades = 1 dezena e 0 unidades.;10 + 10 = 20.;EF01MA07
DEZ-091;dezenas;2;numero;Qual é o algarismo das UNIDADES no número 49?;;;9;É o algarismo da direita.;Em 49, o 9 está na casa das unidades.;EF01MA07
DEZ-092;dezenas;2;numero;Qual é o algarismo das DEZENAS no número 36?;;;3;É o algarismo da esquerda.;Em 36, o 3 está na casa das dezenas.;EF01MA07
DEZ-093;dezenas;2;numero;Qual é o algarismo das UNIDADES no número 55?;;;5;É o algarismo da direita.;Em 55, o 5 está na casa das unidades.;EF01MA07
DEZ-094;dezenas;2;numero;Qual é o algarismo das UNIDADES no número 62?;;;2;É o algarismo da direita.;Em 62, o 2 está na casa das unidades.;EF01MA07
DEZ-095;dezenas;2;numero;Qual é o algarismo das DEZENAS no número 23?;;;2;É o algarismo da esquerda.;Em 23, o 2 está na casa das dezenas.;EF01MA07
DEZ-096;dezenas;2;numero;Qual é o algarismo das DEZENAS no número 47?;;;4;É o algarismo da esquerda.;Em 47, o 4 está na casa das dezenas.;EF01MA07
DEZ-097;dezenas;2;numero;Qual é o algarismo das UNIDADES no número 79?;;;9;É o algarismo da direita.;Em 79, o 9 está na casa das unidades.;EF01MA07
DEZ-098;dezenas;2;numero;Qual é o algarismo das UNIDADES no número 86?;;;6;É o algarismo da direita.;Em 86, o 6 está na casa das unidades.;EF01MA07
DEZ-099;dezenas;2;numero;Qual é o algarismo das DEZENAS no número 56?;;;5;É o algarismo da esquerda.;Em 56, o 5 está na casa das dezenas.;EF01MA07
DEZ-100;dezenas;2;numero;Qual é o algarismo das DEZENAS no número 68?;;;6;É o algarismo da esquerda.;Em 68, o 6 está na casa das dezenas.;EF01MA07
DEZ-101;dezenas;2;numero;Qual é o algarismo das UNIDADES no número 31?;;;1;É o algarismo da direita.;Em 31, o 1 está na casa das unidades.;EF01MA07
DEZ-102;dezenas;2;numero;Qual é o algarismo das DEZENAS no número 45?;;;4;É o algarismo da esquerda.;Em 45, o 4 está na casa das dezenas.;EF01MA07
DEZ-103;dezenas;2;numero;Qual é o algarismo das UNIDADES no número 22?;;;2;É o algarismo da direita.;Em 22, o 2 está na casa das unidades.;EF01MA07
DEZ-104;dezenas;2;numero;Qual é o algarismo das UNIDADES no número 33?;;;3;É o algarismo da direita.;Em 33, o 3 está na casa das unidades.;EF01MA07
DEZ-105;dezenas;2;numero;Qual é o algarismo das DEZENAS no número 40?;;;4;É o algarismo da esquerda.;Em 40, o 4 está na casa das dezenas.;EF01MA07
DEZ-106;dezenas;2;numero;Qual é o algarismo das UNIDADES no número 63?;;;3;É o algarismo da direita.;Em 63, o 3 está na casa das unidades.;EF01MA07
DEZ-107;dezenas;2;numero;Qual é o algarismo das DEZENAS no número 83?;;;8;É o algarismo da esquerda.;Em 83, o 8 está na casa das dezenas.;EF01MA07
DEZ-108;dezenas;2;numero;Qual é o algarismo das UNIDADES no número 35?;;;5;É o algarismo da direita.;Em 35, o 5 está na casa das unidades.;EF01MA07
DEZ-109;dezenas;3;numero;Quanto vale o algarismo 7 no número 71?;;;70;Ele está na casa das dezenas.;O 7 está nas dezenas, então vale 70.;EF01MA07
DEZ-110;dezenas;3;numero;Quanto vale o algarismo 7 no número 72?;;;70;Ele está na casa das dezenas.;O 7 está nas dezenas, então vale 70.;EF01MA07
DEZ-111;dezenas;3;numero;Quanto vale o algarismo 6 no número 67?;;;60;Ele está na casa das dezenas.;O 6 está nas dezenas, então vale 60.;EF01MA07
DEZ-112;dezenas;3;numero;Quanto vale o algarismo 9 no número 91?;;;90;Ele está na casa das dezenas.;O 9 está nas dezenas, então vale 90.;EF01MA07
DEZ-113;dezenas;3;numero;Quanto vale o algarismo 5 no número 58?;;;50;Ele está na casa das dezenas.;O 5 está nas dezenas, então vale 50.;EF01MA07
DEZ-114;dezenas;3;numero;Quanto vale o algarismo 9 no número 92?;;;90;Ele está na casa das dezenas.;O 9 está nas dezenas, então vale 90.;EF01MA07
DEZ-115;dezenas;3;numero;Quanto vale o algarismo 8 no número 85?;;;80;Ele está na casa das dezenas.;O 8 está nas dezenas, então vale 80.;EF01MA07
DEZ-116;dezenas;3;numero;Quanto vale o algarismo 4 no número 45?;;;40;Ele está na casa das dezenas.;O 4 está nas dezenas, então vale 40.;EF01MA07
DEZ-117;dezenas;3;numero;Quanto vale o algarismo 8 no número 82?;;;80;Ele está na casa das dezenas.;O 8 está nas dezenas, então vale 80.;EF01MA07
DEZ-118;dezenas;3;numero;Quanto vale o algarismo 4 no número 41?;;;40;Ele está na casa das dezenas.;O 4 está nas dezenas, então vale 40.;EF01MA07
DEZ-119;dezenas;3;numero;Quanto vale o algarismo 2 no número 25?;;;20;Ele está na casa das dezenas.;O 2 está nas dezenas, então vale 20.;EF01MA07
DEZ-120;dezenas;3;numero;Quanto vale o algarismo 6 no número 68?;;;60;Ele está na casa das dezenas.;O 6 está nas dezenas, então vale 60.;EF01MA07
DEZ-121;dezenas;3;numero;Quanto vale o algarismo 5 no número 57?;;;50;Ele está na casa das dezenas.;O 5 está nas dezenas, então vale 50.;EF01MA07
DEZ-122;dezenas;3;numero;Quanto vale o algarismo 3 no número 32?;;;30;Ele está na casa das dezenas.;O 3 está nas dezenas, então vale 30.;EF01MA07
DEZ-123;dezenas;3;numero;Quanto vale o algarismo 2 no número 24?;;;20;Ele está na casa das dezenas.;O 2 está nas dezenas, então vale 20.;EF01MA07
DEZ-124;dezenas;2;numero;Complete: 88 = 80 + ___;;;8;Quanto falta para chegar ao número?;80 + 8 = 88.;EF01MA07
DEZ-125;dezenas;2;numero;Complete: 72 = 70 + ___;;;2;Quanto falta para chegar ao número?;70 + 2 = 72.;EF01MA07
DEZ-126;dezenas;2;numero;Complete: 56 = 50 + ___;;;6;Quanto falta para chegar ao número?;50 + 6 = 56.;EF01MA07
DEZ-127;dezenas;2;numero;Complete: 86 = 80 + ___;;;6;Quanto falta para chegar ao número?;80 + 6 = 86.;EF01MA07
DEZ-128;dezenas;2;numero;Complete: 48 = 40 + ___;;;8;Quanto falta para chegar ao número?;40 + 8 = 48.;EF01MA07
DEZ-129;dezenas;2;numero;Complete: 73 = 70 + ___;;;3;Quanto falta para chegar ao número?;70 + 3 = 73.;EF01MA07
DEZ-130;dezenas;2;numero;Complete: 59 = 50 + ___;;;9;Quanto falta para chegar ao número?;50 + 9 = 59.;EF01MA07
DEZ-131;dezenas;2;numero;Complete: 77 = 70 + ___;;;7;Quanto falta para chegar ao número?;70 + 7 = 77.;EF01MA07
DEZ-132;dezenas;2;numero;Complete: 63 = 60 + ___;;;3;Quanto falta para chegar ao número?;60 + 3 = 63.;EF01MA07
DEZ-133;dezenas;2;numero;Complete: 35 = 30 + ___;;;5;Quanto falta para chegar ao número?;30 + 5 = 35.;EF01MA07
DEZ-134;dezenas;2;numero;Complete: 62 = 60 + ___;;;2;Quanto falta para chegar ao número?;60 + 2 = 62.;EF01MA07
DEZ-135;dezenas;2;numero;Complete: 24 = 20 + ___;;;4;Quanto falta para chegar ao número?;20 + 4 = 24.;EF01MA07
DEZ-136;dezenas;2;numero;Complete: 78 = 70 + ___;;;8;Quanto falta para chegar ao número?;70 + 8 = 78.;EF01MA07
DEZ-137;dezenas;2;numero;Complete: 49 = 40 + ___;;;9;Quanto falta para chegar ao número?;40 + 9 = 49.;EF01MA07
DEZ-138;dezenas;2;numero;Complete: 82 = 80 + ___;;;2;Quanto falta para chegar ao número?;80 + 2 = 82.;EF01MA07
DEZ-139;dezenas;1;numero;Uma dezena tem quantas unidades?;;;10;Pense no número 10.;1 dezena = 10 unidades.;EF01MA07
DEZ-140;dezenas;2;numero;Meia dezena tem quantas unidades?;;;5;Meia é a metade.;A metade de 10 é 5.;EF01MA07
DEZ-141;dezenas;2;numero;Quantas unidades têm 3 dezenas?;;;30;Conte de 10 em 10.;10, 20, 30.;EF01MA07
DEZ-142;dezenas;3;numero;Quantas dezenas cabem em 100?;;;10;Conte de 10 em 10 até 100.;10, 20, 30... 100: são 10 dezenas.;EF01MA07
DEZ-143;dezenas;3;numero;Tenho 4 pacotes com 10 balas e mais 7 balas soltas. Quantas balas tenho?;;;47;Cada pacote é uma dezena.;4 dezenas e 7 unidades = 47.;EF01MA07
DEZ-144;dezenas;3;numero;Ana tem 26 lápis. Quantas caixas de 10 lápis ela consegue encher?;;;2;Quantas dezenas há em 26?;26 = 2 dezenas e 6 unidades: ela enche 2 caixas e sobram 6.;EF01MA07
DEZ-145;dezenas;3;numero;Com 35 ovos, quantas caixas de 10 ovos consigo encher completamente?;;;3;Quantas dezenas inteiras há em 35?;35 = 3 dezenas e 5 unidades: 3 caixas cheias.;EF01MA07
COM-001;comparar;1;multipla;Qual sinal completa?  3 ___ 17;;< | > | =;<;Compare primeiro as dezenas.;3 < 17. A boquinha do sinal sempre abre para o número MAIOR.;EF01MA05
COM-002;comparar;2;multipla;Qual sinal completa?  99 ___ 62;;< | > | =;>;Compare primeiro as dezenas.;99 > 62. A boquinha do sinal sempre abre para o número MAIOR.;EF01MA05
COM-003;comparar;2;multipla;Qual sinal completa?  17 ___ 20;;< | > | =;<;Compare primeiro as dezenas.;17 < 20. A boquinha do sinal sempre abre para o número MAIOR.;EF01MA05
COM-004;comparar;2;multipla;Qual sinal completa?  41 ___ 14;;< | > | =;>;Compare primeiro as dezenas.;41 > 14. A boquinha do sinal sempre abre para o número MAIOR.;EF01MA05
COM-005;comparar;1;multipla;Qual sinal completa?  18 ___ 6;;< | > | =;>;Compare primeiro as dezenas.;18 > 6. A boquinha do sinal sempre abre para o número MAIOR.;EF01MA05
COM-006;comparar;2;multipla;Qual sinal completa?  68 ___ 50;;< | > | =;>;Compare primeiro as dezenas.;68 > 50. A boquinha do sinal sempre abre para o número MAIOR.;EF01MA05
COM-007;comparar;2;multipla;Qual sinal completa?  20 ___ 1;;< | > | =;>;Compare primeiro as dezenas.;20 > 1. A boquinha do sinal sempre abre para o número MAIOR.;EF01MA05
COM-008;comparar;2;multipla;Qual sinal completa?  27 ___ 72;;< | > | =;<;Compare primeiro as dezenas.;27 < 72. A boquinha do sinal sempre abre para o número MAIOR.;EF01MA05
COM-009;comparar;1;multipla;Qual sinal completa?  7 ___ 9;;< | > | =;<;Compare primeiro as dezenas.;7 < 9. A boquinha do sinal sempre abre para o número MAIOR.;EF01MA05
COM-010;comparar;2;multipla;Qual sinal completa?  92 ___ 72;;< | > | =;>;Compare primeiro as dezenas.;92 > 72. A boquinha do sinal sempre abre para o número MAIOR.;EF01MA05
COM-011;comparar;1;multipla;Qual sinal completa?  11 ___ 13;;< | > | =;<;Compare primeiro as dezenas.;11 < 13. A boquinha do sinal sempre abre para o número MAIOR.;EF01MA05
COM-012;comparar;2;multipla;Qual sinal completa?  93 ___ 20;;< | > | =;>;Compare primeiro as dezenas.;93 > 20. A boquinha do sinal sempre abre para o número MAIOR.;EF01MA05
COM-013;comparar;1;multipla;Qual sinal completa?  5 ___ 5;;< | > | =;=;Compare primeiro as dezenas.;5 = 5. A boquinha do sinal sempre abre para o número MAIOR.;EF01MA05
COM-014;comparar;2;multipla;Qual sinal completa?  85 ___ 86;;< | > | =;<;Compare primeiro as dezenas.;85 < 86. A boquinha do sinal sempre abre para o número MAIOR.;EF01MA05
COM-015;comparar;1;multipla;Qual sinal completa?  9 ___ 6;;< | > | =;>;Compare primeiro as dezenas.;9 > 6. A boquinha do sinal sempre abre para o número MAIOR.;EF01MA05
COM-016;comparar;2;multipla;Qual sinal completa?  70 ___ 17;;< | > | =;>;Compare primeiro as dezenas.;70 > 17. A boquinha do sinal sempre abre para o número MAIOR.;EF01MA05
COM-017;comparar;1;multipla;Qual sinal completa?  6 ___ 6;;< | > | =;=;Compare primeiro as dezenas.;6 = 6. A boquinha do sinal sempre abre para o número MAIOR.;EF01MA05
COM-018;comparar;2;multipla;Qual sinal completa?  53 ___ 63;;< | > | =;<;Compare primeiro as dezenas.;53 < 63. A boquinha do sinal sempre abre para o número MAIOR.;EF01MA05
COM-019;comparar;1;multipla;Qual sinal completa?  1 ___ 17;;< | > | =;<;Compare primeiro as dezenas.;1 < 17. A boquinha do sinal sempre abre para o número MAIOR.;EF01MA05
COM-020;comparar;2;multipla;Qual sinal completa?  70 ___ 70;;< | > | =;=;Compare primeiro as dezenas.;70 = 70. A boquinha do sinal sempre abre para o número MAIOR.;EF01MA05
COM-021;comparar;2;multipla;Qual sinal completa?  14 ___ 41;;< | > | =;<;Compare primeiro as dezenas.;14 < 41. A boquinha do sinal sempre abre para o número MAIOR.;EF01MA05
COM-022;comparar;2;multipla;Qual sinal completa?  66 ___ 66;;< | > | =;=;Compare primeiro as dezenas.;66 = 66. A boquinha do sinal sempre abre para o número MAIOR.;EF01MA05
COM-023;comparar;1;multipla;Qual sinal completa?  4 ___ 9;;< | > | =;<;Compare primeiro as dezenas.;4 < 9. A boquinha do sinal sempre abre para o número MAIOR.;EF01MA05
COM-024;comparar;2;multipla;Qual sinal completa?  4 ___ 25;;< | > | =;<;Compare primeiro as dezenas.;4 < 25. A boquinha do sinal sempre abre para o número MAIOR.;EF01MA05
COM-025;comparar;1;multipla;Qual sinal completa?  3 ___ 14;;< | > | =;<;Compare primeiro as dezenas.;3 < 14. A boquinha do sinal sempre abre para o número MAIOR.;EF01MA05
COM-026;comparar;2;multipla;Qual sinal completa?  22 ___ 85;;< | > | =;<;Compare primeiro as dezenas.;22 < 85. A boquinha do sinal sempre abre para o número MAIOR.;EF01MA05
COM-027;comparar;1;multipla;Qual sinal completa?  7 ___ 18;;< | > | =;<;Compare primeiro as dezenas.;7 < 18. A boquinha do sinal sempre abre para o número MAIOR.;EF01MA05
COM-028;comparar;2;multipla;Qual sinal completa?  55 ___ 59;;< | > | =;<;Compare primeiro as dezenas.;55 < 59. A boquinha do sinal sempre abre para o número MAIOR.;EF01MA05
COM-029;comparar;1;multipla;Qual sinal completa?  7 ___ 15;;< | > | =;<;Compare primeiro as dezenas.;7 < 15. A boquinha do sinal sempre abre para o número MAIOR.;EF01MA05
COM-030;comparar;2;multipla;Qual sinal completa?  72 ___ 12;;< | > | =;>;Compare primeiro as dezenas.;72 > 12. A boquinha do sinal sempre abre para o número MAIOR.;EF01MA05
COM-031;comparar;1;multipla;Qual sinal completa?  7 ___ 4;;< | > | =;>;Compare primeiro as dezenas.;7 > 4. A boquinha do sinal sempre abre para o número MAIOR.;EF01MA05
COM-032;comparar;2;multipla;Qual sinal completa?  46 ___ 80;;< | > | =;<;Compare primeiro as dezenas.;46 < 80. A boquinha do sinal sempre abre para o número MAIOR.;EF01MA05
COM-033;comparar;1;multipla;Qual sinal completa?  4 ___ 14;;< | > | =;<;Compare primeiro as dezenas.;4 < 14. A boquinha do sinal sempre abre para o número MAIOR.;EF01MA05
COM-034;comparar;2;multipla;Qual sinal completa?  55 ___ 55;;< | > | =;=;Compare primeiro as dezenas.;55 = 55. A boquinha do sinal sempre abre para o número MAIOR.;EF01MA05
COM-035;comparar;1;multipla;Qual sinal completa?  9 ___ 12;;< | > | =;<;Compare primeiro as dezenas.;9 < 12. A boquinha do sinal sempre abre para o número MAIOR.;EF01MA05
COM-036;comparar;2;multipla;Qual sinal completa?  62 ___ 35;;< | > | =;>;Compare primeiro as dezenas.;62 > 35. A boquinha do sinal sempre abre para o número MAIOR.;EF01MA05
COM-037;comparar;2;multipla;Qual sinal completa?  8 + 3 ___ 9;;< | > | =;>;Resolva a conta primeiro.;8 + 3 = 11, e 11 > 9.;EF01MA05
COM-038;comparar;2;multipla;Qual sinal completa?  3 + 9 ___ 11;;< | > | =;>;Resolva a conta primeiro.;3 + 9 = 12, e 12 > 11.;EF01MA05
COM-039;comparar;2;multipla;Qual sinal completa?  6 + 8 ___ 14;;< | > | =;=;Resolva a conta primeiro.;6 + 8 = 14, e 14 = 14.;EF01MA05
COM-040;comparar;2;multipla;Qual sinal completa?  10 + 11 ___ 22;;< | > | =;<;Resolva a conta primeiro.;10 + 11 = 21, e 21 < 22.;EF01MA05
COM-041;comparar;2;multipla;Qual sinal completa?  1 + 12 ___ 15;;< | > | =;<;Resolva a conta primeiro.;1 + 12 = 13, e 13 < 15.;EF01MA05
COM-042;comparar;2;multipla;Qual sinal completa?  9 + 6 ___ 15;;< | > | =;=;Resolva a conta primeiro.;9 + 6 = 15, e 15 = 15.;EF01MA05
COM-043;comparar;2;multipla;Qual sinal completa?  11 + 2 ___ 13;;< | > | =;=;Resolva a conta primeiro.;11 + 2 = 13, e 13 = 13.;EF01MA05
COM-044;comparar;2;multipla;Qual sinal completa?  8 + 6 ___ 15;;< | > | =;<;Resolva a conta primeiro.;8 + 6 = 14, e 14 < 15.;EF01MA05
COM-045;comparar;2;multipla;Qual sinal completa?  9 + 9 ___ 16;;< | > | =;>;Resolva a conta primeiro.;9 + 9 = 18, e 18 > 16.;EF01MA05
COM-046;comparar;2;multipla;Qual sinal completa?  5 + 5 ___ 8;;< | > | =;>;Resolva a conta primeiro.;5 + 5 = 10, e 10 > 8.;EF01MA05
COM-047;comparar;2;multipla;Qual sinal completa?  2 + 10 ___ 10;;< | > | =;>;Resolva a conta primeiro.;2 + 10 = 12, e 12 > 10.;EF01MA05
COM-048;comparar;2;multipla;Qual sinal completa?  2 + 9 ___ 11;;< | > | =;=;Resolva a conta primeiro.;2 + 9 = 11, e 11 = 11.;EF01MA05
COM-049;comparar;2;multipla;Qual sinal completa?  10 + 2 ___ 12;;< | > | =;=;Resolva a conta primeiro.;10 + 2 = 12, e 12 = 12.;EF01MA05
COM-050;comparar;2;multipla;Qual sinal completa?  11 + 10 ___ 21;;< | > | =;=;Resolva a conta primeiro.;11 + 10 = 21, e 21 = 21.;EF01MA05
COM-051;comparar;2;multipla;Qual sinal completa?  10 + 8 ___ 19;;< | > | =;<;Resolva a conta primeiro.;10 + 8 = 18, e 18 < 19.;EF01MA05
COM-052;comparar;2;multipla;Qual sinal completa?  1 + 3 ___ 4;;< | > | =;=;Resolva a conta primeiro.;1 + 3 = 4, e 4 = 4.;EF01MA05
COM-053;comparar;2;multipla;Qual sinal completa?  3 + 1 ___ 2;;< | > | =;>;Resolva a conta primeiro.;3 + 1 = 4, e 4 > 2.;EF01MA05
COM-054;comparar;2;multipla;Qual sinal completa?  7 + 2 ___ 8;;< | > | =;>;Resolva a conta primeiro.;7 + 2 = 9, e 9 > 8.;EF01MA05
COM-055;comparar;2;multipla;Qual sinal completa?  9 + 5 ___ 12;;< | > | =;>;Resolva a conta primeiro.;9 + 5 = 14, e 14 > 12.;EF01MA05
COM-056;comparar;2;multipla;Qual sinal completa?  1 + 12 ___ 11;;< | > | =;>;Resolva a conta primeiro.;1 + 12 = 13, e 13 > 11.;EF01MA05
COM-057;comparar;2;multipla;Qual sinal completa?  10 + 9 ___ 17;;< | > | =;>;Resolva a conta primeiro.;10 + 9 = 19, e 19 > 17.;EF01MA05
COM-058;comparar;2;multipla;Qual sinal completa?  12 + 6 ___ 20;;< | > | =;<;Resolva a conta primeiro.;12 + 6 = 18, e 18 < 20.;EF01MA05
COM-059;comparar;2;multipla;Qual sinal completa?  3 + 5 ___ 8;;< | > | =;=;Resolva a conta primeiro.;3 + 5 = 8, e 8 = 8.;EF01MA05
COM-060;comparar;2;multipla;Qual sinal completa?  4 + 6 ___ 12;;< | > | =;<;Resolva a conta primeiro.;4 + 6 = 10, e 10 < 12.;EF01MA05
COM-061;comparar;2;multipla;Qual sinal completa?  8 + 12 ___ 19;;< | > | =;>;Resolva a conta primeiro.;8 + 12 = 20, e 20 > 19.;EF01MA05
COM-062;comparar;3;multipla;Qual sinal completa?  8 + 5 ___ 10 + 7;;< | > | =;<;Resolva as duas contas e compare os resultados.;8 + 5 = 13 e 10 + 7 = 17. Então 13 < 17.;EF01MA05
COM-063;comparar;3;multipla;Qual sinal completa?  8 + 2 ___ 9 + 5;;< | > | =;<;Resolva as duas contas e compare os resultados.;8 + 2 = 10 e 9 + 5 = 14. Então 10 < 14.;EF01MA05
COM-064;comparar;3;multipla;Qual sinal completa?  4 + 9 ___ 5 + 3;;< | > | =;>;Resolva as duas contas e compare os resultados.;4 + 9 = 13 e 5 + 3 = 8. Então 13 > 8.;EF01MA05
COM-065;comparar;3;multipla;Qual sinal completa?  9 + 8 ___ 9 + 10;;< | > | =;<;Resolva as duas contas e compare os resultados.;9 + 8 = 17 e 9 + 10 = 19. Então 17 < 19.;EF01MA05
COM-066;comparar;3;multipla;Qual sinal completa?  2 + 9 ___ 5 + 8;;< | > | =;<;Resolva as duas contas e compare os resultados.;2 + 9 = 11 e 5 + 8 = 13. Então 11 < 13.;EF01MA05
COM-067;comparar;3;multipla;Qual sinal completa?  2 + 10 ___ 9 + 4;;< | > | =;<;Resolva as duas contas e compare os resultados.;2 + 10 = 12 e 9 + 4 = 13. Então 12 < 13.;EF01MA05
COM-068;comparar;3;multipla;Qual sinal completa?  6 + 5 ___ 10 + 7;;< | > | =;<;Resolva as duas contas e compare os resultados.;6 + 5 = 11 e 10 + 7 = 17. Então 11 < 17.;EF01MA05
COM-069;comparar;3;multipla;Qual sinal completa?  6 + 8 ___ 2 + 7;;< | > | =;>;Resolva as duas contas e compare os resultados.;6 + 8 = 14 e 2 + 7 = 9. Então 14 > 9.;EF01MA05
COM-070;comparar;3;multipla;Qual sinal completa?  10 + 4 ___ 10 + 3;;< | > | =;>;Resolva as duas contas e compare os resultados.;10 + 4 = 14 e 10 + 3 = 13. Então 14 > 13.;EF01MA05
COM-071;comparar;3;multipla;Qual sinal completa?  7 + 5 ___ 3 + 10;;< | > | =;<;Resolva as duas contas e compare os resultados.;7 + 5 = 12 e 3 + 10 = 13. Então 12 < 13.;EF01MA05
COM-072;comparar;3;multipla;Qual sinal completa?  4 + 9 ___ 8 + 3;;< | > | =;>;Resolva as duas contas e compare os resultados.;4 + 9 = 13 e 8 + 3 = 11. Então 13 > 11.;EF01MA05
COM-073;comparar;3;multipla;Qual sinal completa?  3 + 8 ___ 8 + 2;;< | > | =;>;Resolva as duas contas e compare os resultados.;3 + 8 = 11 e 8 + 2 = 10. Então 11 > 10.;EF01MA05
COM-074;comparar;3;multipla;Qual sinal completa?  5 + 5 ___ 2 + 6;;< | > | =;>;Resolva as duas contas e compare os resultados.;5 + 5 = 10 e 2 + 6 = 8. Então 10 > 8.;EF01MA05
COM-075;comparar;3;multipla;Qual sinal completa?  4 + 10 ___ 6 + 7;;< | > | =;>;Resolva as duas contas e compare os resultados.;4 + 10 = 14 e 6 + 7 = 13. Então 14 > 13.;EF01MA05
COM-076;comparar;3;multipla;Qual sinal completa?  3 + 6 ___ 4 + 2;;< | > | =;>;Resolva as duas contas e compare os resultados.;3 + 6 = 9 e 4 + 2 = 6. Então 9 > 6.;EF01MA05
COM-077;comparar;3;multipla;Qual sinal completa?  5 + 10 ___ 3 + 9;;< | > | =;>;Resolva as duas contas e compare os resultados.;5 + 10 = 15 e 3 + 9 = 12. Então 15 > 12.;EF01MA05
COM-078;comparar;3;multipla;Qual sinal completa?  10 + 2 ___ 7 + 9;;< | > | =;<;Resolva as duas contas e compare os resultados.;10 + 2 = 12 e 7 + 9 = 16. Então 12 < 16.;EF01MA05
COM-079;comparar;3;multipla;Qual sinal completa?  10 + 2 ___ 5 + 9;;< | > | =;<;Resolva as duas contas e compare os resultados.;10 + 2 = 12 e 5 + 9 = 14. Então 12 < 14.;EF01MA05
COM-080;comparar;2;multipla;Qual é o MAIOR número?;;15 | 30 | 12 | 19;30;"Olhe primeiro as dezenas; se forem iguais, olhe as unidades.";Em ordem: 12, 15, 19, 30. O maior é 30.;EF01MA05
COM-081;comparar;2;multipla;Qual é o MENOR número?;;46 | 51 | 45 | 49;45;"Olhe primeiro as dezenas; se forem iguais, olhe as unidades.";Em ordem: 45, 46, 49, 51. O menor é 45.;EF01MA05
COM-082;comparar;2;multipla;Lívia tem 55 flores. Pedro tem 10 flores. Quem tem MAIS flores?;;Lívia | Pedro;Lívia;Compare os dois números.;55 é maior que 10.;EF01MA05
COM-083;comparar;2;multipla;Maria tem 43 pipas. Cecília tem 27 pipas. Quem tem MAIS pipas?;;Maria | Cecília;Maria;Compare os dois números.;43 é maior que 27.;EF01MA05
COM-084;comparar;2;multipla;Valentina tem 59 flores. Helena tem 50 flores. Quem tem MAIS flores?;;Valentina | Helena;Valentina;Compare os dois números.;59 é maior que 50.;EF01MA05
COM-085;comparar;2;multipla;Cecília tem 30 tampinhas. Heitor tem 56 tampinhas. Quem tem MAIS tampinhas?;;Cecília | Heitor;Heitor;Compare os dois números.;56 é maior que 30.;EF01MA05
COM-086;comparar;2;multipla;Bernardo tem 8 adesivos. Heitor tem 34 adesivos. Quem tem MAIS adesivos?;;Bernardo | Heitor;Heitor;Compare os dois números.;34 é maior que 8.;EF01MA05
COM-087;comparar;2;multipla;Heitor tem 47 chicletes. Valentina tem 31 chicletes. Quem tem MAIS chicletes?;;Heitor | Valentina;Heitor;Compare os dois números.;47 é maior que 31.;EF01MA05
COM-088;comparar;2;multipla;Maria tem 30 chicletes. Helena tem 55 chicletes. Quem tem MAIS chicletes?;;Maria | Helena;Helena;Compare os dois números.;55 é maior que 30.;EF01MA05
COM-089;comparar;2;multipla;Ana tem 21 adesivos. Júlia tem 19 adesivos. Quem tem MAIS adesivos?;;Ana | Júlia;Ana;Compare os dois números.;21 é maior que 19.;EF01MA05
COM-090;comparar;2;multipla;Manuela tem 38 chicletes. Cecília tem 18 chicletes. Quem tem MAIS chicletes?;;Manuela | Cecília;Manuela;Compare os dois números.;38 é maior que 18.;EF01MA05
COM-091;comparar;2;multipla;Valentina tem 31 livros. Heitor tem 9 livros. Quem tem MAIS livros?;;Valentina | Heitor;Valentina;Compare os dois números.;31 é maior que 9.;EF01MA05
COM-092;comparar;2;multipla;Lorena tem 15 bolinhas de gude. Lucas tem 21 bolinhas de gude. Quem tem MAIS bolinhas de gude?;;Lorena | Lucas;Lucas;Compare os dois números.;21 é maior que 15.;EF01MA05
COM-093;comparar;2;multipla;Bernardo tem 46 botões. Júlia tem 30 botões. Quem tem MAIS botões?;;Bernardo | Júlia;Bernardo;Compare os dois números.;46 é maior que 30.;EF01MA05
COM-094;comparar;2;multipla;Samuel tem 34 bolinhas de gude. Heitor tem 23 bolinhas de gude. Quem tem MAIS bolinhas de gude?;;Samuel | Heitor;Samuel;Compare os dois números.;34 é maior que 23.;EF01MA05
COM-095;comparar;2;multipla;Theo tem 14 figurinhas. Alice tem 12 figurinhas. Quem tem MAIS figurinhas?;;Theo | Alice;Theo;Compare os dois números.;14 é maior que 12.;EF01MA05
COM-096;comparar;2;multipla;Verdadeiro ou falso?  53 < 94;;Verdadeiro | Falso;Verdadeiro;A boquinha do sinal sempre abre para o número MAIOR.;O certo é 53 < 94.;EF01MA05
COM-097;comparar;2;multipla;Verdadeiro ou falso?  68 > 90;;Verdadeiro | Falso;Falso;A boquinha do sinal sempre abre para o número MAIOR.;O certo é 68 < 90.;EF01MA05
COM-098;comparar;2;multipla;Verdadeiro ou falso?  22 < 92;;Verdadeiro | Falso;Verdadeiro;A boquinha do sinal sempre abre para o número MAIOR.;O certo é 22 < 92.;EF01MA05
COM-099;comparar;2;multipla;Verdadeiro ou falso?  34 > 80;;Verdadeiro | Falso;Falso;A boquinha do sinal sempre abre para o número MAIOR.;O certo é 34 < 80.;EF01MA05
COM-100;comparar;2;multipla;Verdadeiro ou falso?  53 < 86;;Verdadeiro | Falso;Verdadeiro;A boquinha do sinal sempre abre para o número MAIOR.;O certo é 53 < 86.;EF01MA05
COM-101;comparar;2;multipla;Verdadeiro ou falso?  25 > 21;;Verdadeiro | Falso;Verdadeiro;A boquinha do sinal sempre abre para o número MAIOR.;O certo é 25 > 21.;EF01MA05
COM-102;comparar;2;multipla;Verdadeiro ou falso?  40 > 29;;Verdadeiro | Falso;Verdadeiro;A boquinha do sinal sempre abre para o número MAIOR.;O certo é 40 > 29.;EF01MA05
COM-103;comparar;2;multipla;Verdadeiro ou falso?  69 > 22;;Verdadeiro | Falso;Verdadeiro;A boquinha do sinal sempre abre para o número MAIOR.;O certo é 69 > 22.;EF01MA05
COM-104;comparar;2;multipla;Verdadeiro ou falso?  26 < 21;;Verdadeiro | Falso;Falso;A boquinha do sinal sempre abre para o número MAIOR.;O certo é 26 > 21.;EF01MA05
COM-105;comparar;2;multipla;Verdadeiro ou falso?  97 > 69;;Verdadeiro | Falso;Verdadeiro;A boquinha do sinal sempre abre para o número MAIOR.;O certo é 97 > 69.;EF01MA05
COM-106;comparar;2;multipla;Verdadeiro ou falso?  18 > 66;;Verdadeiro | Falso;Falso;A boquinha do sinal sempre abre para o número MAIOR.;O certo é 18 < 66.;EF01MA05
COM-107;comparar;2;multipla;Verdadeiro ou falso?  17 > 67;;Verdadeiro | Falso;Falso;A boquinha do sinal sempre abre para o número MAIOR.;O certo é 17 < 67.;EF01MA05
COM-108;comparar;2;multipla;Verdadeiro ou falso?  54 < 22;;Verdadeiro | Falso;Falso;A boquinha do sinal sempre abre para o número MAIOR.;O certo é 54 > 22.;EF01MA05
COM-109;comparar;2;multipla;Verdadeiro ou falso?  62 > 33;;Verdadeiro | Falso;Verdadeiro;A boquinha do sinal sempre abre para o número MAIOR.;O certo é 62 > 33.;EF01MA05
COM-110;comparar;2;multipla;Verdadeiro ou falso?  91 > 18;;Verdadeiro | Falso;Verdadeiro;A boquinha do sinal sempre abre para o número MAIOR.;O certo é 91 > 18.;EF01MA05
ADI-001;adicao;1;multipla;Quanto é 5 + 1?;;4 | 5 | 6 | 7;6;Guarde o maior número na cabeça e conte para frente nos dedos.;5 + 1 = 6.;EF01MA06
ADI-002;adicao;1;numero;Quanto é 8 + 1?;;;9;Guarde o maior número na cabeça e conte para frente nos dedos.;8 + 1 = 9.;EF01MA06
ADI-003;adicao;1;multipla;Quanto é 4 + 2?;;6 | 8 | 5 | 4;6;Guarde o maior número na cabeça e conte para frente nos dedos.;4 + 2 = 6.;EF01MA06
ADI-004;adicao;1;numero;Quanto é 1 + 2?;;;3;Guarde o maior número na cabeça e conte para frente nos dedos.;1 + 2 = 3.;EF01MA06
ADI-005;adicao;1;numero;Quanto é 7 + 1?;;;8;Guarde o maior número na cabeça e conte para frente nos dedos.;7 + 1 = 8.;EF01MA06
ADI-006;adicao;1;numero;Quanto é 1 + 4?;;;5;Guarde o maior número na cabeça e conte para frente nos dedos.;1 + 4 = 5.;EF01MA06
ADI-007;adicao;1;numero;Quanto é 4 + 5?;;;9;Guarde o maior número na cabeça e conte para frente nos dedos.;4 + 5 = 9.;EF01MA06
ADI-008;adicao;1;numero;Quanto é 9 + 1?;;;10;Guarde o maior número na cabeça e conte para frente nos dedos.;9 + 1 = 10.;EF01MA06
ADI-009;adicao;1;numero;Quanto é 2 + 4?;;;6;Guarde o maior número na cabeça e conte para frente nos dedos.;2 + 4 = 6.;EF01MA06
ADI-010;adicao;1;multipla;Quanto é 3 + 1?;;4 | 3 | 2 | 6;4;Guarde o maior número na cabeça e conte para frente nos dedos.;3 + 1 = 4.;EF01MA06
ADI-011;adicao;1;multipla;Quanto é 5 + 2?;;6 | 7 | 17 | 9;7;Guarde o maior número na cabeça e conte para frente nos dedos.;5 + 2 = 7.;EF01MA06
ADI-012;adicao;1;multipla;Quanto é 6 + 3?;;10 | 8 | 9 | 11;9;Guarde o maior número na cabeça e conte para frente nos dedos.;6 + 3 = 9.;EF01MA06
ADI-013;adicao;1;multipla;Quanto é 1 + 5?;;16 | 4 | 6 | 8;6;Guarde o maior número na cabeça e conte para frente nos dedos.;1 + 5 = 6.;EF01MA06
ADI-014;adicao;1;multipla;Quanto é 5 + 3?;;18 | 10 | 6 | 8;8;Guarde o maior número na cabeça e conte para frente nos dedos.;5 + 3 = 8.;EF01MA06
ADI-015;adicao;1;multipla;Quanto é 3 + 5?;;8 | 6 | 7 | 18;8;Guarde o maior número na cabeça e conte para frente nos dedos.;3 + 5 = 8.;EF01MA06
ADI-016;adicao;1;multipla;Quanto é 1 + 6?;;7 | 5 | 6 | 9;7;Guarde o maior número na cabeça e conte para frente nos dedos.;1 + 6 = 7.;EF01MA06
ADI-017;adicao;1;numero;Quanto é 1 + 8?;;;9;Guarde o maior número na cabeça e conte para frente nos dedos.;1 + 8 = 9.;EF01MA06
ADI-018;adicao;1;multipla;Quanto é 6 + 2?;;9 | 7 | 18 | 8;8;Guarde o maior número na cabeça e conte para frente nos dedos.;6 + 2 = 8.;EF01MA06
ADI-019;adicao;1;numero;Quanto é 3 + 7?;;;10;Guarde o maior número na cabeça e conte para frente nos dedos.;3 + 7 = 10.;EF01MA06
ADI-020;adicao;1;numero;Quanto é 4 + 3?;;;7;Guarde o maior número na cabeça e conte para frente nos dedos.;4 + 3 = 7.;EF01MA06
ADI-021;adicao;1;multipla;Quanto é 6 + 4?;;10 | 11 | 12 | 20;10;Guarde o maior número na cabeça e conte para frente nos dedos.;6 + 4 = 10.;EF01MA06
ADI-022;adicao;1;multipla;Quanto é 1 + 9?;;12 | 10 | 20 | 8;10;Guarde o maior número na cabeça e conte para frente nos dedos.;1 + 9 = 10.;EF01MA06
ADI-023;adicao;1;numero;Quanto é 6 + 1?;;;7;Guarde o maior número na cabeça e conte para frente nos dedos.;6 + 1 = 7.;EF01MA06
ADI-024;adicao;1;multipla;Quanto é 3 + 2?;;5 | 3 | 15 | 4;5;Guarde o maior número na cabeça e conte para frente nos dedos.;3 + 2 = 5.;EF01MA06
ADI-025;adicao;1;multipla;Quanto é 8 + 2?;;10 | 0 | 20 | 9;10;Guarde o maior número na cabeça e conte para frente nos dedos.;8 + 2 = 10.;EF01MA06
ADI-026;adicao;1;numero;Quanto é 3 + 4?;;;7;Guarde o maior número na cabeça e conte para frente nos dedos.;3 + 4 = 7.;EF01MA06
ADI-027;adicao;1;numero;Quanto é 2 + 5?;;;7;Guarde o maior número na cabeça e conte para frente nos dedos.;2 + 5 = 7.;EF01MA06
ADI-028;adicao;1;multipla;Quanto é 1 + 3?;;4 | 5 | 2 | 14;4;Guarde o maior número na cabeça e conte para frente nos dedos.;1 + 3 = 4.;EF01MA06
ADI-029;adicao;1;numero;Quantos desenhos há ao todo?;🐞🐞🐞  ➕  🎈🎈🎈🎈🎈🎈🎈🎈;;11;Conte os primeiros e continue contando os outros.;3 joaninhas + 8 balões = 11.;EF01MA06
ADI-030;adicao;1;numero;Quantos desenhos há ao todo?;🐟🐟🐟🐟🐟  ➕  🐞🐞;;7;Conte os primeiros e continue contando os outros.;5 peixinhos + 2 joaninhas = 7.;EF01MA06
ADI-031;adicao;1;numero;Quantos desenhos há ao todo?;🦋🦋🦋  ➕  ⚽⚽⚽⚽⚽⚽;;9;Conte os primeiros e continue contando os outros.;3 borboletas + 6 bolas = 9.;EF01MA06
ADI-032;adicao;1;numero;Quantos desenhos há ao todo?;🌸🌸  ➕  🐤🐤🐤🐤🐤🐤;;8;Conte os primeiros e continue contando os outros.;2 flores + 6 pintinhos = 8.;EF01MA06
ADI-033;adicao;1;numero;Quantos desenhos há ao todo?;🐞🐞🐞🐞🐞🐞🐞  ➕  🎈🎈🎈🎈;;11;Conte os primeiros e continue contando os outros.;7 joaninhas + 4 balões = 11.;EF01MA06
ADI-034;adicao;1;numero;Quantos desenhos há ao todo?;🍓🍓  ➕  🦋🦋🦋🦋;;6;Conte os primeiros e continue contando os outros.;2 morangos + 4 borboletas = 6.;EF01MA06
ADI-035;adicao;1;numero;Quantos desenhos há ao todo?;🐟🐟🐟🐟🐟  ➕  🌸🌸🌸🌸🌸;;10;Conte os primeiros e continue contando os outros.;5 peixinhos + 5 flores = 10.;EF01MA06
ADI-036;adicao;1;numero;Quantos desenhos há ao todo?;🍪🍪🍪  ➕  ⭐⭐⭐⭐;;7;Conte os primeiros e continue contando os outros.;3 biscoitos + 4 estrelas = 7.;EF01MA06
ADI-037;adicao;1;numero;Quantos desenhos há ao todo?;⭐⭐⭐⭐⭐⭐⭐  ➕  🌸🌸🌸🌸🌸🌸🌸🌸;;15;Conte os primeiros e continue contando os outros.;7 estrelas + 8 flores = 15.;EF01MA06
ADI-038;adicao;1;numero;Quantos desenhos há ao todo?;🚗🚗🚗🚗🚗  ➕  ⭐⭐⭐⭐;;9;Conte os primeiros e continue contando os outros.;5 carrinhos + 4 estrelas = 9.;EF01MA06
ADI-039;adicao;1;numero;Quantos desenhos há ao todo?;🌸🌸🌸  ➕  🍪🍪🍪🍪🍪🍪🍪;;10;Conte os primeiros e continue contando os outros.;3 flores + 7 biscoitos = 10.;EF01MA06
ADI-040;adicao;1;numero;Quantos desenhos há ao todo?;🍎🍎🍎🍎  ➕  ⭐⭐⭐⭐⭐⭐⭐⭐;;12;Conte os primeiros e continue contando os outros.;4 maçãs + 8 estrelas = 12.;EF01MA06
ADI-041;adicao;1;numero;Quantos desenhos há ao todo?;🚗🚗🚗  ➕  ⭐⭐⭐⭐⭐⭐⭐;;10;Conte os primeiros e continue contando os outros.;3 carrinhos + 7 estrelas = 10.;EF01MA06
ADI-042;adicao;1;numero;Quantos desenhos há ao todo?;🎈🎈  ➕  🐤🐤;;4;Conte os primeiros e continue contando os outros.;2 balões + 2 pintinhos = 4.;EF01MA06
ADI-043;adicao;1;numero;Quantos desenhos há ao todo?;🐞🐞  ➕  🎈🎈🎈🎈🎈🎈🎈;;9;Conte os primeiros e continue contando os outros.;2 joaninhas + 7 balões = 9.;EF01MA06
ADI-044;adicao;1;numero;Quantos desenhos há ao todo?;🐞🐞🐞🐞  ➕  ⭐⭐⭐⭐⭐;;9;Conte os primeiros e continue contando os outros.;4 joaninhas + 5 estrelas = 9.;EF01MA06
ADI-045;adicao;2;numero;Quanto é 7 + 5?;;;12;Complete o 10: 7 + 3 = 10 e depois some o resto.;7 + 5 = 12.;EF01MA06
ADI-046;adicao;2;multipla;Quanto é 7 + 8?;;14 | 5 | 15 | 17;15;Complete o 10: 8 + 2 = 10 e depois some o resto.;7 + 8 = 15.;EF01MA06
ADI-047;adicao;2;multipla;Quanto é 7 + 10?;;19 | 17 | 18 | 7;17;Comece pelo número maior e conte para frente.;7 + 10 = 17.;EF01MA06
ADI-048;adicao;2;numero;Quanto é 8 + 3?;;;11;Complete o 10: 8 + 2 = 10 e depois some o resto.;8 + 3 = 11.;EF01MA06
ADI-049;adicao;2;numero;Quanto é 11 + 9?;;;20;Comece pelo número maior e conte para frente.;11 + 9 = 20.;EF01MA06
ADI-050;adicao;2;numero;Quanto é 9 + 11?;;;20;Comece pelo número maior e conte para frente.;9 + 11 = 20.;EF01MA06
ADI-051;adicao;2;numero;Quanto é 7 + 11?;;;18;Comece pelo número maior e conte para frente.;7 + 11 = 18.;EF01MA06
ADI-052;adicao;2;numero;Quanto é 11 + 8?;;;19;Comece pelo número maior e conte para frente.;11 + 8 = 19.;EF01MA06
ADI-053;adicao;2;numero;Quanto é 12 + 8?;;;20;Comece pelo número maior e conte para frente.;12 + 8 = 20.;EF01MA06
ADI-054;adicao;2;multipla;Quanto é 11 + 2?;;12 | 13 | 11 | 15;13;Comece pelo número maior e conte para frente.;11 + 2 = 13.;EF01MA06
ADI-055;adicao;2;multipla;Quanto é 12 + 3?;;5 | 17 | 15 | 14;15;Comece pelo número maior e conte para frente.;12 + 3 = 15.;EF01MA06
ADI-056;adicao;2;numero;Quanto é 3 + 12?;;;15;Comece pelo número maior e conte para frente.;3 + 12 = 15.;EF01MA06
ADI-057;adicao;2;numero;Quanto é 6 + 9?;;;15;Complete o 10: 9 + 1 = 10 e depois some o resto.;6 + 9 = 15.;EF01MA06
ADI-058;adicao;2;numero;Quanto é 8 + 11?;;;19;Comece pelo número maior e conte para frente.;8 + 11 = 19.;EF01MA06
ADI-059;adicao;2;multipla;Quanto é 5 + 12?;;17 | 19 | 16 | 7;17;Comece pelo número maior e conte para frente.;5 + 12 = 17.;EF01MA06
ADI-060;adicao;2;numero;Quanto é 7 + 7?;;;14;Complete o 10: 7 + 3 = 10 e depois some o resto.;7 + 7 = 14.;EF01MA06
ADI-061;adicao;2;multipla;Quanto é 5 + 9?;;12 | 24 | 14 | 4;14;Complete o 10: 9 + 1 = 10 e depois some o resto.;5 + 9 = 14.;EF01MA06
ADI-062;adicao;2;numero;Quanto é 6 + 7?;;;13;Complete o 10: 7 + 3 = 10 e depois some o resto.;6 + 7 = 13.;EF01MA06
ADI-063;adicao;2;multipla;Quanto é 10 + 2?;;11 | 14 | 10 | 12;12;Comece pelo número maior e conte para frente.;10 + 2 = 12.;EF01MA06
ADI-064;adicao;2;numero;Quanto é 5 + 10?;;;15;Comece pelo número maior e conte para frente.;5 + 10 = 15.;EF01MA06
ADI-065;adicao;2;multipla;Quanto é 3 + 10?;;11 | 15 | 3 | 13;13;Comece pelo número maior e conte para frente.;3 + 10 = 13.;EF01MA06
ADI-066;adicao;2;numero;Quanto é 3 + 8?;;;11;Complete o 10: 8 + 2 = 10 e depois some o resto.;3 + 8 = 11.;EF01MA06
ADI-067;adicao;2;multipla;Quanto é 5 + 11?;;17 | 26 | 14 | 16;16;Comece pelo número maior e conte para frente.;5 + 11 = 16.;EF01MA06
ADI-068;adicao;2;multipla;Quanto é 4 + 10?;;14 | 16 | 12 | 13;14;Comece pelo número maior e conte para frente.;4 + 10 = 14.;EF01MA06
ADI-069;adicao;2;numero;Quanto é 12 + 2?;;;14;Comece pelo número maior e conte para frente.;12 + 2 = 14.;EF01MA06
ADI-070;adicao;2;numero;Quanto é 4 + 9?;;;13;Complete o 10: 9 + 1 = 10 e depois some o resto.;4 + 9 = 13.;EF01MA06
ADI-071;adicao;2;numero;Quanto é 10 + 7?;;;17;Comece pelo número maior e conte para frente.;10 + 7 = 17.;EF01MA06
ADI-072;adicao;2;multipla;Quanto é 11 + 6?;;7 | 17 | 27 | 16;17;Comece pelo número maior e conte para frente.;11 + 6 = 17.;EF01MA06
ADI-073;adicao;2;numero;Quanto é 6 + 6?;;;12;Complete o 10: 6 + 4 = 10 e depois some o resto.;6 + 6 = 12.;EF01MA06
ADI-074;adicao;2;multipla;Quanto é 9 + 10?;;21 | 9 | 19 | 17;19;Comece pelo número maior e conte para frente.;9 + 10 = 19.;EF01MA06
ADI-075;adicao;2;multipla;Quanto é 9 + 6?;;14 | 15 | 25 | 17;15;Complete o 10: 9 + 1 = 10 e depois some o resto.;9 + 6 = 15.;EF01MA06
ADI-076;adicao;2;numero;Quanto é 2 + 9?;;;11;Complete o 10: 9 + 1 = 10 e depois some o resto.;2 + 9 = 11.;EF01MA06
ADI-077;adicao;2;multipla;Quanto é 9 + 8?;;19 | 7 | 27 | 17;17;Complete o 10: 9 + 1 = 10 e depois some o resto.;9 + 8 = 17.;EF01MA06
ADI-078;adicao;2;numero;Quanto é 7 + 9?;;;16;Complete o 10: 9 + 1 = 10 e depois some o resto.;7 + 9 = 16.;EF01MA06
ADI-079;adicao;2;numero;Quanto é 50 + 20?;;;70;Some as dezenas como se fossem unidades: 3 + 2 = 5 → 30 + 20 = 50.;5 dezenas + 2 dezenas = 7 dezenas = 70.;EF01MA06
ADI-080;adicao;2;numero;Quanto é 40 + 10?;;;50;Some as dezenas como se fossem unidades: 3 + 2 = 5 → 30 + 20 = 50.;4 dezenas + 1 dezenas = 5 dezenas = 50.;EF01MA06
ADI-081;adicao;2;numero;Quanto é 30 + 20?;;;50;Some as dezenas como se fossem unidades: 3 + 2 = 5 → 30 + 20 = 50.;3 dezenas + 2 dezenas = 5 dezenas = 50.;EF01MA06
ADI-082;adicao;2;numero;Quanto é 50 + 30?;;;80;Some as dezenas como se fossem unidades: 3 + 2 = 5 → 30 + 20 = 50.;5 dezenas + 3 dezenas = 8 dezenas = 80.;EF01MA06
ADI-083;adicao;2;numero;Quanto é 20 + 30?;;;50;Some as dezenas como se fossem unidades: 3 + 2 = 5 → 30 + 20 = 50.;2 dezenas + 3 dezenas = 5 dezenas = 50.;EF01MA06
ADI-084;adicao;2;numero;Quanto é 60 + 30?;;;90;Some as dezenas como se fossem unidades: 3 + 2 = 5 → 30 + 20 = 50.;6 dezenas + 3 dezenas = 9 dezenas = 90.;EF01MA06
ADI-085;adicao;2;numero;Quanto é 20 + 10?;;;30;Some as dezenas como se fossem unidades: 3 + 2 = 5 → 30 + 20 = 50.;2 dezenas + 1 dezenas = 3 dezenas = 30.;EF01MA06
ADI-086;adicao;2;numero;Quanto é 10 + 30?;;;40;Some as dezenas como se fossem unidades: 3 + 2 = 5 → 30 + 20 = 50.;1 dezenas + 3 dezenas = 4 dezenas = 40.;EF01MA06
ADI-087;adicao;2;numero;Quanto é 20 + 20?;;;40;Some as dezenas como se fossem unidades: 3 + 2 = 5 → 30 + 20 = 50.;2 dezenas + 2 dezenas = 4 dezenas = 40.;EF01MA06
ADI-088;adicao;3;numero;Quanto é 49 + 20?;;;69;Some unidades com unidades e dezenas com dezenas.;Unidades: 9 + 0 = 9. Dezenas: 4 + 2 = 6. Resultado: 69.;EF01MA06
ADI-089;adicao;3;numero;Quanto é 17 + 30?;;;47;Some unidades com unidades e dezenas com dezenas.;Unidades: 7 + 0 = 7. Dezenas: 1 + 3 = 4. Resultado: 47.;EF01MA06
ADI-090;adicao;3;numero;Quanto é 12 + 22?;;;34;Some unidades com unidades e dezenas com dezenas.;Unidades: 2 + 2 = 4. Dezenas: 1 + 2 = 3. Resultado: 34.;EF01MA06
ADI-091;adicao;3;numero;Quanto é 32 + 11?;;;43;Some unidades com unidades e dezenas com dezenas.;Unidades: 2 + 1 = 3. Dezenas: 3 + 1 = 4. Resultado: 43.;EF01MA06
ADI-092;adicao;3;numero;Quanto é 31 + 2?;;;33;Some unidades com unidades e dezenas com dezenas.;Unidades: 1 + 2 = 3. Dezenas: 3 + 0 = 3. Resultado: 33.;EF01MA06
ADI-093;adicao;3;numero;Quanto é 32 + 4?;;;36;Some unidades com unidades e dezenas com dezenas.;Unidades: 2 + 4 = 6. Dezenas: 3 + 0 = 3. Resultado: 36.;EF01MA06
ADI-094;adicao;3;numero;Quanto é 44 + 5?;;;49;Some unidades com unidades e dezenas com dezenas.;Unidades: 4 + 5 = 9. Dezenas: 4 + 0 = 4. Resultado: 49.;EF01MA06
ADI-095;adicao;3;numero;Quanto é 35 + 9?;;;44;Primeiro chegue na dezena: 35 + 5 = 40.;"35 + 5 = 40; ainda faltam 4: 40 + 4 = 44.";EF01MA06
ADI-096;adicao;3;numero;Quanto é 44 + 6?;;;50;Primeiro chegue na dezena: 44 + 6 = 50.;"44 + 6 = 50; ainda faltam 0: 50 + 0 = 50.";EF01MA06
ADI-097;adicao;3;numero;Quanto é 31 + 9?;;;40;Primeiro chegue na dezena: 31 + 9 = 40.;"31 + 9 = 40; ainda faltam 0: 40 + 0 = 40.";EF01MA06
ADI-098;adicao;3;numero;Quanto é 39 + 7?;;;46;Primeiro chegue na dezena: 39 + 1 = 40.;"39 + 1 = 40; ainda faltam 6: 40 + 6 = 46.";EF01MA06
ADI-099;adicao;3;numero;Quanto é 29 + 8?;;;37;Primeiro chegue na dezena: 29 + 1 = 30.;"29 + 1 = 30; ainda faltam 7: 30 + 7 = 37.";EF01MA06
ADI-100;adicao;3;numero;Quanto é 48 + 6?;;;54;Primeiro chegue na dezena: 48 + 2 = 50.;"48 + 2 = 50; ainda faltam 4: 50 + 4 = 54.";EF01MA06
ADI-101;adicao;3;numero;Quanto é 57 + 9?;;;66;Primeiro chegue na dezena: 57 + 3 = 60.;"57 + 3 = 60; ainda faltam 6: 60 + 6 = 66.";EF01MA06
ADI-102;adicao;3;numero;Quanto é 26 + 5?;;;31;Primeiro chegue na dezena: 26 + 4 = 30.;"26 + 4 = 30; ainda faltam 1: 30 + 1 = 31.";EF01MA06
ADI-103;adicao;3;numero;Quanto é 34 + 6?;;;40;Primeiro chegue na dezena: 34 + 6 = 40.;"34 + 6 = 40; ainda faltam 0: 40 + 0 = 40.";EF01MA06
ADI-104;adicao;3;numero;Quanto é 55 + 6?;;;61;Primeiro chegue na dezena: 55 + 5 = 60.;"55 + 5 = 60; ainda faltam 1: 60 + 1 = 61.";EF01MA06
ADI-105;adicao;2;numero;Complete: 2 + ___ = 12;;;10;Comece no 2 e conte até chegar no 12.;2 + 10 = 12.;EF01MA06
ADI-106;adicao;2;numero;Complete: ___ + 4 = 12;;;8;Comece no 4 e conte até chegar no 12.;4 + 8 = 12.;EF01MA06
ADI-107;adicao;3;numero;Complete: 2 + ___ = 14;;;12;Comece no 2 e conte até chegar no 14.;2 + 12 = 14.;EF01MA06
ADI-108;adicao;2;numero;Complete: ___ + 2 = 6;;;4;Comece no 2 e conte até chegar no 6.;2 + 4 = 6.;EF01MA06
ADI-109;adicao;3;numero;Complete: ___ + 10 = 20;;;10;Comece no 10 e conte até chegar no 20.;10 + 10 = 20.;EF01MA06
ADI-110;adicao;2;numero;Complete: 9 + ___ = 10;;;1;Comece no 9 e conte até chegar no 10.;9 + 1 = 10.;EF01MA06
ADI-111;adicao;2;numero;Complete: 7 + ___ = 9;;;2;Comece no 7 e conte até chegar no 9.;7 + 2 = 9.;EF01MA06
ADI-112;adicao;2;numero;Complete: ___ + 10 = 11;;;1;Comece no 10 e conte até chegar no 11.;10 + 1 = 11.;EF01MA06
ADI-113;adicao;2;numero;Complete: ___ + 5 = 9;;;4;Comece no 5 e conte até chegar no 9.;5 + 4 = 9.;EF01MA06
ADI-114;adicao;3;numero;Complete: ___ + 4 = 15;;;11;Comece no 4 e conte até chegar no 15.;4 + 11 = 15.;EF01MA06
ADI-115;adicao;3;numero;Complete: 8 + ___ = 18;;;10;Comece no 8 e conte até chegar no 18.;8 + 10 = 18.;EF01MA06
ADI-116;adicao;3;numero;Complete: ___ + 8 = 20;;;12;Comece no 8 e conte até chegar no 20.;8 + 12 = 20.;EF01MA06
ADI-117;adicao;3;numero;Complete: ___ + 12 = 20;;;8;Comece no 12 e conte até chegar no 20.;12 + 8 = 20.;EF01MA06
ADI-118;adicao;3;numero;Complete: 4 + ___ = 19;;;15;Comece no 4 e conte até chegar no 19.;4 + 15 = 19.;EF01MA06
ADI-119;adicao;3;numero;Complete: 2 + ___ = 19;;;17;Comece no 2 e conte até chegar no 19.;2 + 17 = 19.;EF01MA06
ADI-120;adicao;3;numero;Complete: ___ + 11 = 18;;;7;Comece no 11 e conte até chegar no 18.;11 + 7 = 18.;EF01MA06
ADI-121;adicao;2;numero;Complete: 4 + ___ = 8;;;4;Comece no 4 e conte até chegar no 8.;4 + 4 = 8.;EF01MA06
ADI-122;adicao;3;numero;Complete: 7 + ___ = 14;;;7;Comece no 7 e conte até chegar no 14.;7 + 7 = 14.;EF01MA06
ADI-123;adicao;2;numero;Complete: 2 + ___ = 3;;;1;Comece no 2 e conte até chegar no 3.;2 + 1 = 3.;EF01MA06
ADI-124;adicao;3;numero;Complete: 5 + ___ = 14;;;9;Comece no 5 e conte até chegar no 14.;5 + 9 = 14.;EF01MA06
ADI-125;adicao;2;numero;Complete: 7 + ___ = 11;;;4;Comece no 7 e conte até chegar no 11.;7 + 4 = 11.;EF01MA06
ADI-126;adicao;3;numero;Complete: 4 + ___ = 20;;;16;Comece no 4 e conte até chegar no 20.;4 + 16 = 20.;EF01MA06
ADI-127;adicao;3;numero;Complete: ___ + 8 = 14;;;6;Comece no 8 e conte até chegar no 14.;8 + 6 = 14.;EF01MA06
ADI-128;adicao;2;numero;Quanto é 1 + 2 + 4?;;;7;Some os dois primeiros e depois some o terceiro.;"1 + 2 = 3; 3 + 4 = 7.";EF01MA06
ADI-129;adicao;2;numero;Quanto é 6 + 2 + 1?;;;9;Some os dois primeiros e depois some o terceiro.;"6 + 2 = 8; 8 + 1 = 9.";EF01MA06
ADI-130;adicao;2;numero;Quanto é 1 + 7 + 4?;;;12;Some os dois primeiros e depois some o terceiro.;"1 + 7 = 8; 8 + 4 = 12.";EF01MA06
ADI-131;adicao;3;numero;Quanto é 8 + 2 + 8?;;;18;Procure dois números que juntos dão 10!;"8 + 2 = 10; 10 + 8 = 18.";EF01MA06
ADI-132;adicao;2;numero;Quanto é 2 + 2 + 3?;;;7;Some os dois primeiros e depois some o terceiro.;"2 + 2 = 4; 4 + 3 = 7.";EF01MA06
ADI-133;adicao;2;numero;Quanto é 5 + 4 + 4?;;;13;Some os dois primeiros e depois some o terceiro.;"5 + 4 = 9; 9 + 4 = 13.";EF01MA06
ADI-134;adicao;2;numero;Quanto é 6 + 2 + 7?;;;15;Some os dois primeiros e depois some o terceiro.;"6 + 2 = 8; 8 + 7 = 15.";EF01MA06
ADI-135;adicao;3;numero;Quanto é 1 + 9 + 7?;;;17;Procure dois números que juntos dão 10!;"1 + 9 = 10; 10 + 7 = 17.";EF01MA06
ADI-136;adicao;2;numero;Quanto é 9 + 1 + 2?;;;12;Procure dois números que juntos dão 10!;"9 + 1 = 10; 10 + 2 = 12.";EF01MA06
ADI-137;adicao;2;numero;Quanto é 6 + 5 + 4?;;;15;Procure dois números que juntos dão 10!;"6 + 5 = 11; 11 + 4 = 15.";EF01MA06
ADI-138;adicao;2;numero;Quanto é 2 + 7 + 2?;;;11;Some os dois primeiros e depois some o terceiro.;"2 + 7 = 9; 9 + 2 = 11.";EF01MA06
ADI-139;adicao;2;numero;Quanto é 1 + 4 + 1?;;;6;Some os dois primeiros e depois some o terceiro.;"1 + 4 = 5; 5 + 1 = 6.";EF01MA06
ADI-140;adicao;2;numero;Quanto é 3 + 3 + 6?;;;12;Some os dois primeiros e depois some o terceiro.;"3 + 3 = 6; 6 + 6 = 12.";EF01MA06
ADI-141;adicao;2;numero;Quanto é 1 + 3 + 2?;;;6;Some os dois primeiros e depois some o terceiro.;"1 + 3 = 4; 4 + 2 = 6.";EF01MA06
ADI-142;adicao;2;numero;Quanto é 6 + 3 + 1?;;;10;Some os dois primeiros e depois some o terceiro.;"6 + 3 = 9; 9 + 1 = 10.";EF01MA06
ADI-143;adicao;2;numero;Quanto é 6 + 2 + 2?;;;10;Some os dois primeiros e depois some o terceiro.;"6 + 2 = 8; 8 + 2 = 10.";EF01MA06
ADI-144;adicao;3;numero;Quanto é 5 + 9 + 3?;;;17;Some os dois primeiros e depois some o terceiro.;"5 + 9 = 14; 14 + 3 = 17.";EF01MA06
ADI-145;adicao;1;numero;Amigos do 10: 1 + ___ = 10;;;9;Use os dedos: levante quantos já tem e conte os que faltam.;1 + 9 = 10.;EF01MA06
ADI-146;adicao;1;numero;Amigos do 10: 2 + ___ = 10;;;8;Use os dedos: levante quantos já tem e conte os que faltam.;2 + 8 = 10.;EF01MA06
ADI-147;adicao;1;numero;Amigos do 10: 3 + ___ = 10;;;7;Use os dedos: levante quantos já tem e conte os que faltam.;3 + 7 = 10.;EF01MA06
ADI-148;adicao;1;numero;Amigos do 10: 4 + ___ = 10;;;6;Use os dedos: levante quantos já tem e conte os que faltam.;4 + 6 = 10.;EF01MA06
ADI-149;adicao;1;numero;Amigos do 10: 5 + ___ = 10;;;5;Use os dedos: levante quantos já tem e conte os que faltam.;5 + 5 = 10.;EF01MA06
ADI-150;adicao;1;numero;Amigos do 10: 6 + ___ = 10;;;4;Use os dedos: levante quantos já tem e conte os que faltam.;6 + 4 = 10.;EF01MA06
ADI-151;adicao;1;numero;Amigos do 10: 7 + ___ = 10;;;3;Use os dedos: levante quantos já tem e conte os que faltam.;7 + 3 = 10.;EF01MA06
ADI-152;adicao;1;numero;Amigos do 10: 8 + ___ = 10;;;2;Use os dedos: levante quantos já tem e conte os que faltam.;8 + 2 = 10.;EF01MA06
ADI-153;adicao;1;numero;Amigos do 10: 9 + ___ = 10;;;1;Use os dedos: levante quantos já tem e conte os que faltam.;9 + 1 = 10.;EF01MA06
ADI-154;adicao;2;multipla;Qual destas contas dá 16?;;9 + 4 | 10 + 1 | 11 + 5 | 5 + 2;11 + 5;Resolva cada conta.;11 + 5 = 16.;EF01MA06
ADI-155;adicao;2;multipla;Qual destas contas dá 18?;;2 + 12 | 3 + 12 | 3 + 15 | 4 + 6;3 + 15;Resolva cada conta.;3 + 15 = 18.;EF01MA06
ADI-156;adicao;2;multipla;Qual destas contas dá 10?;;9 + 1 | 7 + 4 | 11 + 12 | 8 + 9;9 + 1;Resolva cada conta.;9 + 1 = 10.;EF01MA06
ADI-157;adicao;2;multipla;Qual destas contas dá 7?;;3 + 4 | 12 + 1 | 6 + 5 | 3 + 5;3 + 4;Resolva cada conta.;3 + 4 = 7.;EF01MA06
ADI-158;adicao;2;multipla;Qual destas contas dá 11?;;3 + 8 | 5 + 2 | 8 + 7 | 5 + 3;3 + 8;Resolva cada conta.;3 + 8 = 11.;EF01MA06
ADI-159;adicao;2;multipla;Qual destas contas dá 12?;;1 + 10 | 8 + 4 | 6 + 7 | 7 + 1;8 + 4;Resolva cada conta.;8 + 4 = 12.;EF01MA06
ADI-160;adicao;2;multipla;Qual destas contas dá 17?;;1 + 16 | 8 + 6 | 7 + 9 | 6 + 2;1 + 16;Resolva cada conta.;1 + 16 = 17.;EF01MA06
ADI-161;adicao;2;multipla;Qual destas contas dá 15?;;1 + 14 | 1 + 11 | 9 + 3 | 8 + 9;1 + 14;Resolva cada conta.;1 + 14 = 15.;EF01MA06
ADI-162;adicao;3;numero;Se 3 + 3 = 6, quanto é 3 + 4?;;;7;É só um a mais!;3 + 4 é 1 a mais que 3 + 3: 6 + 1 = 7.;EF01MA06
ADI-163;adicao;3;numero;Se 4 + 4 = 8, quanto é 4 + 5?;;;9;É só um a mais!;4 + 5 é 1 a mais que 4 + 4: 8 + 1 = 9.;EF01MA06
ADI-164;adicao;3;numero;Se 5 + 5 = 10, quanto é 5 + 6?;;;11;É só um a mais!;5 + 6 é 1 a mais que 5 + 5: 10 + 1 = 11.;EF01MA06
ADI-165;adicao;3;numero;Se 6 + 6 = 12, quanto é 6 + 7?;;;13;É só um a mais!;6 + 7 é 1 a mais que 6 + 6: 12 + 1 = 13.;EF01MA06
ADI-166;adicao;3;numero;Se 7 + 7 = 14, quanto é 7 + 8?;;;15;É só um a mais!;7 + 8 é 1 a mais que 7 + 7: 14 + 1 = 15.;EF01MA06
ADI-167;adicao;3;numero;Se 8 + 8 = 16, quanto é 8 + 9?;;;17;É só um a mais!;8 + 9 é 1 a mais que 8 + 8: 16 + 1 = 17.;EF01MA06
ADI-168;adicao;3;numero;Se 9 + 9 = 18, quanto é 9 + 10?;;;19;É só um a mais!;9 + 10 é 1 a mais que 9 + 9: 18 + 1 = 19.;EF01MA06
SUB-001;subtracao;1;multipla;Quanto é 3 − 2?;;0 | 2 | 3 | 1;1;Levante 3 dedos e abaixe 2.;3 − 2 = 1.;EF01MA06
SUB-002;subtracao;1;numero;Quanto é 8 − 1?;;;7;Levante 8 dedos e abaixe 1.;8 − 1 = 7.;EF01MA06
SUB-003;subtracao;1;numero;Quanto é 6 − 6?;;;0;Levante 6 dedos e abaixe 6.;6 − 6 = 0.;EF01MA06
SUB-004;subtracao;1;multipla;Quanto é 10 − 10?;;0 | 10 | 2 | 1;0;Levante 10 dedos e abaixe 10.;10 − 10 = 0.;EF01MA06
SUB-005;subtracao;1;numero;Quanto é 10 − 4?;;;6;Levante 10 dedos e abaixe 4.;10 − 4 = 6.;EF01MA06
SUB-006;subtracao;1;numero;Quanto é 5 − 4?;;;1;Levante 5 dedos e abaixe 4.;5 − 4 = 1.;EF01MA06
SUB-007;subtracao;1;numero;Quanto é 7 − 4?;;;3;Levante 7 dedos e abaixe 4.;7 − 4 = 3.;EF01MA06
SUB-008;subtracao;1;multipla;Quanto é 6 − 5?;;2 | 11 | 1 | 0;1;Levante 6 dedos e abaixe 5.;6 − 5 = 1.;EF01MA06
SUB-009;subtracao;1;numero;Quanto é 10 − 9?;;;1;Levante 10 dedos e abaixe 9.;10 − 9 = 1.;EF01MA06
SUB-010;subtracao;1;numero;Quanto é 4 − 2?;;;2;Levante 4 dedos e abaixe 2.;4 − 2 = 2.;EF01MA06
SUB-011;subtracao;1;numero;Quanto é 7 − 3?;;;4;Levante 7 dedos e abaixe 3.;7 − 3 = 4.;EF01MA06
SUB-012;subtracao;1;numero;Quanto é 6 − 1?;;;5;Levante 6 dedos e abaixe 1.;6 − 1 = 5.;EF01MA06
SUB-013;subtracao;1;multipla;Quanto é 6 − 4?;;12 | 0 | 4 | 2;2;Levante 6 dedos e abaixe 4.;6 − 4 = 2.;EF01MA06
SUB-014;subtracao;1;numero;Quanto é 9 − 4?;;;5;Levante 9 dedos e abaixe 4.;9 − 4 = 5.;EF01MA06
SUB-015;subtracao;1;numero;Quanto é 9 − 9?;;;0;Levante 9 dedos e abaixe 9.;9 − 9 = 0.;EF01MA06
SUB-016;subtracao;1;numero;Quanto é 5 − 1?;;;4;Levante 5 dedos e abaixe 1.;5 − 1 = 4.;EF01MA06
SUB-017;subtracao;1;multipla;Quanto é 4 − 4?;;10 | 1 | 2 | 0;0;Levante 4 dedos e abaixe 4.;4 − 4 = 0.;EF01MA06
SUB-018;subtracao;1;multipla;Quanto é 10 − 3?;;8 | 6 | 7 | 9;7;Levante 10 dedos e abaixe 3.;10 − 3 = 7.;EF01MA06
SUB-019;subtracao;1;numero;Quanto é 9 − 1?;;;8;Levante 9 dedos e abaixe 1.;9 − 1 = 8.;EF01MA06
SUB-020;subtracao;1;multipla;Quanto é 5 − 5?;;10 | 0 | 2 | 1;0;Levante 5 dedos e abaixe 5.;5 − 5 = 0.;EF01MA06
SUB-021;subtracao;1;numero;Quanto é 7 − 1?;;;6;Levante 7 dedos e abaixe 1.;7 − 1 = 6.;EF01MA06
SUB-022;subtracao;1;multipla;Quanto é 10 − 7?;;3 | 2 | 4 | 5;3;Levante 10 dedos e abaixe 7.;10 − 7 = 3.;EF01MA06
SUB-023;subtracao;1;multipla;Quanto é 8 − 3?;;15 | 7 | 5 | 4;5;Levante 8 dedos e abaixe 3.;8 − 3 = 5.;EF01MA06
SUB-024;subtracao;1;numero;Quanto é 9 − 8?;;;1;Levante 9 dedos e abaixe 8.;9 − 8 = 1.;EF01MA06
SUB-025;subtracao;1;numero;Quanto é 10 − 6?;;;4;Levante 10 dedos e abaixe 6.;10 − 6 = 4.;EF01MA06
SUB-026;subtracao;1;multipla;Quanto é 8 − 4?;;6 | 4 | 14 | 2;4;Levante 8 dedos e abaixe 4.;8 − 4 = 4.;EF01MA06
SUB-027;subtracao;1;numero;Quanto é 3 − 3?;;;0;Levante 3 dedos e abaixe 3.;3 − 3 = 0.;EF01MA06
SUB-028;subtracao;1;numero;Quanto é 7 − 6?;;;1;Levante 7 dedos e abaixe 6.;7 − 6 = 1.;EF01MA06
SUB-029;subtracao;1;numero;Havia 6 desenhos. 5 foram embora (riscados). Quantos morangos ficaram?;🍓❌❌❌❌❌;;1;Conte só os que não estão riscados.;6 − 5 = 1.;EF01MA06
SUB-030;subtracao;1;numero;Havia 11 desenhos. 2 foram embora (riscados). Quantas joaninhas ficaram?;🐞🐞🐞🐞🐞🐞🐞🐞🐞❌❌;;9;Conte só os que não estão riscados.;11 − 2 = 9.;EF01MA06
SUB-031;subtracao;1;numero;Havia 6 desenhos. 1 foram embora (riscados). Quantas maçãs ficaram?;🍎🍎🍎🍎🍎❌;;5;Conte só os que não estão riscados.;6 − 1 = 5.;EF01MA06
SUB-032;subtracao;1;numero;Havia 10 desenhos. 5 foram embora (riscados). Quantas estrelas ficaram?;⭐⭐⭐⭐⭐❌❌❌❌❌;;5;Conte só os que não estão riscados.;10 − 5 = 5.;EF01MA06
SUB-033;subtracao;1;numero;Havia 9 desenhos. 7 foram embora (riscados). Quantas flores ficaram?;🌸🌸❌❌❌❌❌❌❌;;2;Conte só os que não estão riscados.;9 − 7 = 2.;EF01MA06
SUB-034;subtracao;1;numero;Havia 10 desenhos. 2 foram embora (riscados). Quantas estrelas ficaram?;⭐⭐⭐⭐⭐⭐⭐⭐❌❌;;8;Conte só os que não estão riscados.;10 − 2 = 8.;EF01MA06
SUB-035;subtracao;1;numero;Havia 12 desenhos. 6 foram embora (riscados). Quantas joaninhas ficaram?;🐞🐞🐞🐞🐞🐞❌❌❌❌❌❌;;6;Conte só os que não estão riscados.;12 − 6 = 6.;EF01MA06
SUB-036;subtracao;1;numero;Havia 8 desenhos. 5 foram embora (riscados). Quantos biscoitos ficaram?;🍪🍪🍪❌❌❌❌❌;;3;Conte só os que não estão riscados.;8 − 5 = 3.;EF01MA06
SUB-037;subtracao;1;numero;Havia 7 desenhos. 1 foram embora (riscados). Quantas borboletas ficaram?;🦋🦋🦋🦋🦋🦋❌;;6;Conte só os que não estão riscados.;7 − 1 = 6.;EF01MA06
SUB-038;subtracao;1;numero;Havia 7 desenhos. 3 foram embora (riscados). Quantas maçãs ficaram?;🍎🍎🍎🍎❌❌❌;;4;Conte só os que não estão riscados.;7 − 3 = 4.;EF01MA06
SUB-039;subtracao;1;numero;Havia 5 desenhos. 2 foram embora (riscados). Quantas flores ficaram?;🌸🌸🌸❌❌;;3;Conte só os que não estão riscados.;5 − 2 = 3.;EF01MA06
SUB-040;subtracao;1;numero;Havia 6 desenhos. 5 foram embora (riscados). Quantas borboletas ficaram?;🦋❌❌❌❌❌;;1;Conte só os que não estão riscados.;6 − 5 = 1.;EF01MA06
SUB-041;subtracao;1;numero;Havia 5 desenhos. 3 foram embora (riscados). Quantas borboletas ficaram?;🦋🦋❌❌❌;;2;Conte só os que não estão riscados.;5 − 3 = 2.;EF01MA06
SUB-042;subtracao;1;numero;Havia 10 desenhos. 4 foram embora (riscados). Quantas bolas ficaram?;⚽⚽⚽⚽⚽⚽❌❌❌❌;;6;Conte só os que não estão riscados.;10 − 4 = 6.;EF01MA06
SUB-043;subtracao;2;multipla;Quanto é 13 − 3?;;20 | 11 | 9 | 10;10;Tire das unidades.;13 − 3 = 10.;EF01MA06
SUB-044;subtracao;2;multipla;Quanto é 17 − 5?;;22 | 10 | 14 | 12;12;Tire das unidades.;17 − 5 = 12.;EF01MA06
SUB-045;subtracao;2;numero;Quanto é 12 − 3?;;;9;Volte até o 10 primeiro: 12 − 2 = 10.;12 − 3 = 9.;EF01MA06
SUB-046;subtracao;2;multipla;Quanto é 20 − 7?;;14 | 15 | 3 | 13;13;Tire das unidades.;20 − 7 = 13.;EF01MA06
SUB-047;subtracao;2;numero;Quanto é 14 − 5?;;;9;Volte até o 10 primeiro: 14 − 4 = 10.;14 − 5 = 9.;EF01MA06
SUB-048;subtracao;2;numero;Quanto é 18 − 8?;;;10;Tire das unidades.;18 − 8 = 10.;EF01MA06
SUB-049;subtracao;2;numero;Quanto é 16 − 7?;;;9;Volte até o 10 primeiro: 16 − 6 = 10.;16 − 7 = 9.;EF01MA06
SUB-050;subtracao;2;numero;Quanto é 18 − 3?;;;15;Tire das unidades.;18 − 3 = 15.;EF01MA06
SUB-051;subtracao;2;multipla;Quanto é 12 − 7?;;7 | 5 | 6 | 3;5;Volte até o 10 primeiro: 12 − 2 = 10.;12 − 7 = 5.;EF01MA06
SUB-052;subtracao;2;multipla;Quanto é 19 − 3?;;26 | 18 | 16 | 6;16;Tire das unidades.;19 − 3 = 16.;EF01MA06
SUB-053;subtracao;2;numero;Quanto é 13 − 5?;;;8;Volte até o 10 primeiro: 13 − 3 = 10.;13 − 5 = 8.;EF01MA06
SUB-054;subtracao;2;multipla;Quanto é 15 − 3?;;14 | 10 | 13 | 12;12;Tire das unidades.;15 − 3 = 12.;EF01MA06
SUB-055;subtracao;2;numero;Quanto é 11 − 9?;;;2;Volte até o 10 primeiro: 11 − 1 = 10.;11 − 9 = 2.;EF01MA06
SUB-056;subtracao;2;numero;Quanto é 19 − 8?;;;11;Tire das unidades.;19 − 8 = 11.;EF01MA06
SUB-057;subtracao;2;multipla;Quanto é 20 − 4?;;16 | 15 | 17 | 26;16;Tire das unidades.;20 − 4 = 16.;EF01MA06
SUB-058;subtracao;2;numero;Quanto é 11 − 8?;;;3;Volte até o 10 primeiro: 11 − 1 = 10.;11 − 8 = 3.;EF01MA06
SUB-059;subtracao;2;numero;Quanto é 14 − 6?;;;8;Volte até o 10 primeiro: 14 − 4 = 10.;14 − 6 = 8.;EF01MA06
SUB-060;subtracao;2;numero;Quanto é 11 − 5?;;;6;Volte até o 10 primeiro: 11 − 1 = 10.;11 − 5 = 6.;EF01MA06
SUB-061;subtracao;2;numero;Quanto é 15 − 10?;;;5;Volte até o 10 primeiro: 15 − 5 = 10.;15 − 10 = 5.;EF01MA06
SUB-062;subtracao;2;numero;Quanto é 19 − 6?;;;13;Tire das unidades.;19 − 6 = 13.;EF01MA06
SUB-063;subtracao;2;multipla;Quanto é 15 − 9?;;7 | 6 | 5 | 8;6;Volte até o 10 primeiro: 15 − 5 = 10.;15 − 9 = 6.;EF01MA06
SUB-064;subtracao;2;numero;Quanto é 15 − 5?;;;10;Tire das unidades.;15 − 5 = 10.;EF01MA06
SUB-065;subtracao;2;numero;Quanto é 19 − 7?;;;12;Tire das unidades.;19 − 7 = 12.;EF01MA06
SUB-066;subtracao;2;numero;Quanto é 20 − 10?;;;10;Tire das unidades.;20 − 10 = 10.;EF01MA06
SUB-067;subtracao;2;multipla;Quanto é 14 − 10?;;6 | 2 | 5 | 4;4;Volte até o 10 primeiro: 14 − 4 = 10.;14 − 10 = 4.;EF01MA06
SUB-068;subtracao;2;multipla;Quanto é 18 − 10?;;9 | 10 | 8 | 6;8;Volte até o 10 primeiro: 18 − 8 = 10.;18 − 10 = 8.;EF01MA06
SUB-069;subtracao;2;numero;Quanto é 17 − 8?;;;9;Volte até o 10 primeiro: 17 − 7 = 10.;17 − 8 = 9.;EF01MA06
SUB-070;subtracao;2;numero;Quanto é 11 − 2?;;;9;Volte até o 10 primeiro: 11 − 1 = 10.;11 − 2 = 9.;EF01MA06
SUB-071;subtracao;2;numero;Quanto é 17 − 6?;;;11;Tire das unidades.;17 − 6 = 11.;EF01MA06
SUB-072;subtracao;2;numero;Quanto é 16 − 2?;;;14;Tire das unidades.;16 − 2 = 14.;EF01MA06
SUB-073;subtracao;2;multipla;Quanto é 12 − 8?;;5 | 3 | 6 | 4;4;Volte até o 10 primeiro: 12 − 2 = 10.;12 − 8 = 4.;EF01MA06
SUB-074;subtracao;2;numero;Quanto é 17 − 3?;;;14;Tire das unidades.;17 − 3 = 14.;EF01MA06
SUB-075;subtracao;2;numero;Quanto é 17 − 9?;;;8;Volte até o 10 primeiro: 17 − 7 = 10.;17 − 9 = 8.;EF01MA06
SUB-076;subtracao;2;numero;Quanto é 11 − 7?;;;4;Volte até o 10 primeiro: 11 − 1 = 10.;11 − 7 = 4.;EF01MA06
SUB-077;subtracao;2;numero;Quanto é 90 − 50?;;;40;Pense em dezenas: 7 − 3 = 4, então 70 − 30 = 40.;9 dezenas − 5 dezenas = 4 dezenas = 40.;EF01MA06
SUB-078;subtracao;2;numero;Quanto é 60 − 40?;;;20;Pense em dezenas: 7 − 3 = 4, então 70 − 30 = 40.;6 dezenas − 4 dezenas = 2 dezenas = 20.;EF01MA06
SUB-079;subtracao;2;numero;Quanto é 80 − 10?;;;70;Pense em dezenas: 7 − 3 = 4, então 70 − 30 = 40.;8 dezenas − 1 dezenas = 7 dezenas = 70.;EF01MA06
SUB-080;subtracao;2;numero;Quanto é 40 − 10?;;;30;Pense em dezenas: 7 − 3 = 4, então 70 − 30 = 40.;4 dezenas − 1 dezenas = 3 dezenas = 30.;EF01MA06
SUB-081;subtracao;2;numero;Quanto é 70 − 50?;;;20;Pense em dezenas: 7 − 3 = 4, então 70 − 30 = 40.;7 dezenas − 5 dezenas = 2 dezenas = 20.;EF01MA06
SUB-082;subtracao;2;numero;Quanto é 80 − 20?;;;60;Pense em dezenas: 7 − 3 = 4, então 70 − 30 = 40.;8 dezenas − 2 dezenas = 6 dezenas = 60.;EF01MA06
SUB-083;subtracao;2;numero;Quanto é 90 − 40?;;;50;Pense em dezenas: 7 − 3 = 4, então 70 − 30 = 40.;9 dezenas − 4 dezenas = 5 dezenas = 50.;EF01MA06
SUB-084;subtracao;2;numero;Quanto é 50 − 40?;;;10;Pense em dezenas: 7 − 3 = 4, então 70 − 30 = 40.;5 dezenas − 4 dezenas = 1 dezenas = 10.;EF01MA06
SUB-085;subtracao;2;numero;Quanto é 40 − 20?;;;20;Pense em dezenas: 7 − 3 = 4, então 70 − 30 = 40.;4 dezenas − 2 dezenas = 2 dezenas = 20.;EF01MA06
SUB-086;subtracao;2;numero;Quanto é 60 − 30?;;;30;Pense em dezenas: 7 − 3 = 4, então 70 − 30 = 40.;6 dezenas − 3 dezenas = 3 dezenas = 30.;EF01MA06
SUB-087;subtracao;2;numero;Quanto é 40 − 30?;;;10;Pense em dezenas: 7 − 3 = 4, então 70 − 30 = 40.;4 dezenas − 3 dezenas = 1 dezenas = 10.;EF01MA06
SUB-088;subtracao;3;numero;Quanto é 98 − 27?;;;71;Tire unidades das unidades e dezenas das dezenas.;Unidades: 8 − 7 = 1. Dezenas: 9 − 2 = 7. Resultado: 71.;EF01MA06
SUB-089;subtracao;3;numero;Quanto é 86 − 40?;;;46;Tire unidades das unidades e dezenas das dezenas.;Unidades: 6 − 0 = 6. Dezenas: 8 − 4 = 4. Resultado: 46.;EF01MA06
SUB-090;subtracao;3;numero;Quanto é 86 − 10?;;;76;Tire unidades das unidades e dezenas das dezenas.;Unidades: 6 − 0 = 6. Dezenas: 8 − 1 = 7. Resultado: 76.;EF01MA06
SUB-091;subtracao;3;numero;Quanto é 64 − 30?;;;34;Tire unidades das unidades e dezenas das dezenas.;Unidades: 4 − 0 = 4. Dezenas: 6 − 3 = 3. Resultado: 34.;EF01MA06
SUB-092;subtracao;3;numero;Quanto é 86 − 15?;;;71;Tire unidades das unidades e dezenas das dezenas.;Unidades: 6 − 5 = 1. Dezenas: 8 − 1 = 7. Resultado: 71.;EF01MA06
SUB-093;subtracao;3;numero;Quanto é 53 − 12?;;;41;Tire unidades das unidades e dezenas das dezenas.;Unidades: 3 − 2 = 1. Dezenas: 5 − 1 = 4. Resultado: 41.;EF01MA06
SUB-094;subtracao;3;numero;Quanto é 57 − 1?;;;56;Tire unidades das unidades e dezenas das dezenas.;Unidades: 7 − 1 = 6. Dezenas: 5 − 0 = 5. Resultado: 56.;EF01MA06
SUB-095;subtracao;3;numero;Quanto é 78 − 36?;;;42;Tire unidades das unidades e dezenas das dezenas.;Unidades: 8 − 6 = 2. Dezenas: 7 − 3 = 4. Resultado: 42.;EF01MA06
SUB-096;subtracao;3;numero;Quanto é 32 − 7?;;;25;Primeiro volte até a dezena: 32 − 2 = 30.;"32 − 2 = 30; ainda faltam tirar 5: 30 − 5 = 25.";EF01MA06
SUB-097;subtracao;3;numero;Quanto é 31 − 5?;;;26;Primeiro volte até a dezena: 31 − 1 = 30.;"31 − 1 = 30; ainda faltam tirar 4: 30 − 4 = 26.";EF01MA06
SUB-098;subtracao;3;numero;Quanto é 34 − 9?;;;25;Primeiro volte até a dezena: 34 − 4 = 30.;"34 − 4 = 30; ainda faltam tirar 5: 30 − 5 = 25.";EF01MA06
SUB-099;subtracao;3;numero;Quanto é 42 − 7?;;;35;Primeiro volte até a dezena: 42 − 2 = 40.;"42 − 2 = 40; ainda faltam tirar 5: 40 − 5 = 35.";EF01MA06
SUB-100;subtracao;3;numero;Quanto é 26 − 9?;;;17;Primeiro volte até a dezena: 26 − 6 = 20.;"26 − 6 = 20; ainda faltam tirar 3: 20 − 3 = 17.";EF01MA06
SUB-101;subtracao;3;numero;Quanto é 34 − 7?;;;27;Primeiro volte até a dezena: 34 − 4 = 30.;"34 − 4 = 30; ainda faltam tirar 3: 30 − 3 = 27.";EF01MA06
SUB-102;subtracao;3;numero;Quanto é 27 − 8?;;;19;Primeiro volte até a dezena: 27 − 7 = 20.;"27 − 7 = 20; ainda faltam tirar 1: 20 − 1 = 19.";EF01MA06
SUB-103;subtracao;3;numero;Quanto é 42 − 9?;;;33;Primeiro volte até a dezena: 42 − 2 = 40.;"42 − 2 = 40; ainda faltam tirar 7: 40 − 7 = 33.";EF01MA06
SUB-104;subtracao;3;numero;Quanto é 51 − 5?;;;46;Primeiro volte até a dezena: 51 − 1 = 50.;"51 − 1 = 50; ainda faltam tirar 4: 50 − 4 = 46.";EF01MA06
SUB-105;subtracao;3;numero;Quanto é 41 − 7?;;;34;Primeiro volte até a dezena: 41 − 1 = 40.;"41 − 1 = 40; ainda faltam tirar 6: 40 − 6 = 34.";EF01MA06
SUB-106;subtracao;2;numero;Complete: 12 − ___ = 5;;;7;Use a adição para conferir!;12 − 7 = 5. Confira: 5 + 7 = 12.;EF01MA06
SUB-107;subtracao;3;numero;Complete: 16 − ___ = 8;;;8;Use a adição para conferir!;16 − 8 = 8. Confira: 8 + 8 = 16.;EF01MA06
SUB-108;subtracao;2;numero;Complete: ___ − 3 = 5;;;8;Use a adição para conferir!;8 − 3 = 5. Confira: 5 + 3 = 8.;EF01MA06
SUB-109;subtracao;2;numero;Complete: ___ − 1 = 7;;;8;Use a adição para conferir!;8 − 1 = 7. Confira: 7 + 1 = 8.;EF01MA06
SUB-110;subtracao;3;numero;Complete: ___ − 10 = 7;;;17;Use a adição para conferir!;17 − 10 = 7. Confira: 7 + 10 = 17.;EF01MA06
SUB-111;subtracao;2;numero;Complete: ___ − 6 = 6;;;12;Use a adição para conferir!;12 − 6 = 6. Confira: 6 + 6 = 12.;EF01MA06
SUB-112;subtracao;2;numero;Complete: ___ − 6 = 1;;;7;Use a adição para conferir!;7 − 6 = 1. Confira: 1 + 6 = 7.;EF01MA06
SUB-113;subtracao;3;numero;Complete: 20 − ___ = 7;;;13;Use a adição para conferir!;20 − 13 = 7. Confira: 7 + 13 = 20.;EF01MA06
SUB-114;subtracao;3;numero;Complete: 20 − ___ = 9;;;11;Use a adição para conferir!;20 − 11 = 9. Confira: 9 + 11 = 20.;EF01MA06
SUB-115;subtracao;2;numero;Complete: ___ − 10 = 1;;;11;Use a adição para conferir!;11 − 10 = 1. Confira: 1 + 10 = 11.;EF01MA06
SUB-116;subtracao;2;numero;Complete: ___ − 4 = 4;;;8;Use a adição para conferir!;8 − 4 = 4. Confira: 4 + 4 = 8.;EF01MA06
SUB-117;subtracao;2;numero;Complete: 6 − ___ = 3;;;3;Use a adição para conferir!;6 − 3 = 3. Confira: 3 + 3 = 6.;EF01MA06
SUB-118;subtracao;3;numero;Complete: 19 − ___ = 6;;;13;Use a adição para conferir!;19 − 13 = 6. Confira: 6 + 13 = 19.;EF01MA06
SUB-119;subtracao;3;numero;Complete: 15 − ___ = 10;;;5;Use a adição para conferir!;15 − 5 = 10. Confira: 10 + 5 = 15.;EF01MA06
SUB-120;subtracao;2;numero;Complete: 11 − ___ = 5;;;6;Use a adição para conferir!;11 − 6 = 5. Confira: 5 + 6 = 11.;EF01MA06
SUB-121;subtracao;3;numero;Complete: 19 − ___ = 2;;;17;Use a adição para conferir!;19 − 17 = 2. Confira: 2 + 17 = 19.;EF01MA06
SUB-122;subtracao;2;numero;Complete: 6 − ___ = 5;;;1;Use a adição para conferir!;6 − 1 = 5. Confira: 5 + 1 = 6.;EF01MA06
SUB-123;subtracao;2;numero;Complete: 10 − ___ = 3;;;7;Use a adição para conferir!;10 − 7 = 3. Confira: 3 + 7 = 10.;EF01MA06
SUB-124;subtracao;2;numero;Complete: 8 − ___ = 2;;;6;Use a adição para conferir!;8 − 6 = 2. Confira: 2 + 6 = 8.;EF01MA06
SUB-125;subtracao;3;numero;Complete: 19 − ___ = 10;;;9;Use a adição para conferir!;19 − 9 = 10. Confira: 10 + 9 = 19.;EF01MA06
SUB-126;subtracao;3;numero;Complete: 14 − ___ = 10;;;4;Use a adição para conferir!;14 − 4 = 10. Confira: 10 + 4 = 14.;EF01MA06
SUB-127;subtracao;3;numero;Complete: 18 − ___ = 12;;;6;Use a adição para conferir!;18 − 6 = 12. Confira: 12 + 6 = 18.;EF01MA06
SUB-128;subtracao;3;numero;Complete: 17 − ___ = 6;;;11;Use a adição para conferir!;17 − 11 = 6. Confira: 6 + 11 = 17.;EF01MA06
SUB-129;subtracao;2;multipla;Qual destas contas dá 3?;;5 − 3 | 10 − 4 | 13 − 4 | 20 − 17;20 − 17;Resolva cada conta.;20 − 17 = 3.;EF01MA06
SUB-130;subtracao;2;multipla;Qual destas contas dá 4?;;9 − 8 | 9 − 5 | 12 − 6 | 16 − 11;9 − 5;Resolva cada conta.;9 − 5 = 4.;EF01MA06
SUB-131;subtracao;2;multipla;Qual destas contas dá 7?;;12 − 5 | 20 − 9 | 16 − 3 | 14 − 11;12 − 5;Resolva cada conta.;12 − 5 = 7.;EF01MA06
SUB-132;subtracao;2;multipla;Qual destas contas dá 12?;;16 − 4 | 6 − 6 | 7 − 4 | 10 − 10;16 − 4;Resolva cada conta.;16 − 4 = 12.;EF01MA06
SUB-133;subtracao;2;multipla;Qual destas contas dá 5?;;5 − 3 | 18 − 17 | 19 − 14 | 20 − 17;19 − 14;Resolva cada conta.;19 − 14 = 5.;EF01MA06
SUB-134;subtracao;2;multipla;Qual destas contas dá 9?;;10 − 8 | 19 − 15 | 12 − 3 | 13 − 6;12 − 3;Resolva cada conta.;12 − 3 = 9.;EF01MA06
SUB-135;subtracao;2;multipla;Qual destas contas dá 11?;;8 − 1 | 14 − 12 | 13 − 4 | 12 − 1;12 − 1;Resolva cada conta.;12 − 1 = 11.;EF01MA06
SUB-136;subtracao;2;multipla;Qual destas contas dá 8?;;7 − 4 | 11 − 3 | 17 − 15 | 15 − 8;11 − 3;Resolva cada conta.;11 − 3 = 8.;EF01MA06
SUB-137;subtracao;3;numero;Se 9 + 5 = 14, quanto é 14 − 5?;;;9;A subtração desfaz a adição!;Se 9 + 5 = 14, então 14 − 5 = 9.;EF01MA06
SUB-138;subtracao;3;numero;Se 6 + 5 = 11, quanto é 11 − 5?;;;6;A subtração desfaz a adição!;Se 6 + 5 = 11, então 11 − 5 = 6.;EF01MA06
SUB-139;subtracao;3;numero;Se 8 + 7 = 15, quanto é 15 − 7?;;;8;A subtração desfaz a adição!;Se 8 + 7 = 15, então 15 − 7 = 8.;EF01MA06
SUB-140;subtracao;3;numero;Se 8 + 5 = 13, quanto é 13 − 5?;;;8;A subtração desfaz a adição!;Se 8 + 5 = 13, então 13 − 5 = 8.;EF01MA06
SUB-141;subtracao;3;numero;Se 5 + 8 = 13, quanto é 13 − 8?;;;5;A subtração desfaz a adição!;Se 5 + 8 = 13, então 13 − 8 = 5.;EF01MA06
SUB-142;subtracao;3;numero;Se 9 + 8 = 17, quanto é 17 − 8?;;;9;A subtração desfaz a adição!;Se 9 + 8 = 17, então 17 − 8 = 9.;EF01MA06
SUB-143;subtracao;3;numero;Se 8 + 8 = 16, quanto é 16 − 8?;;;8;A subtração desfaz a adição!;Se 8 + 8 = 16, então 16 − 8 = 8.;EF01MA06
SUB-144;subtracao;3;numero;Se 7 + 7 = 14, quanto é 14 − 7?;;;7;A subtração desfaz a adição!;Se 7 + 7 = 14, então 14 − 7 = 7.;EF01MA06
SUB-145;subtracao;3;numero;Se 8 + 9 = 17, quanto é 17 − 9?;;;8;A subtração desfaz a adição!;Se 8 + 9 = 17, então 17 − 9 = 8.;EF01MA06
SUB-146;subtracao;3;numero;Se 6 + 8 = 14, quanto é 14 − 8?;;;6;A subtração desfaz a adição!;Se 6 + 8 = 14, então 14 − 8 = 6.;EF01MA06
SUB-147;subtracao;1;numero;Quanto é 30 − 30?;;;0;Se eu tiro tudo, sobra...;Quando tiramos tudo o que temos, sobra zero.;EF01MA06
SUB-148;subtracao;1;numero;Quanto é 35 − 0?;;;35;Se eu não tiro nada...;Tirar zero não muda nada: continua 35.;EF01MA06
SUB-149;subtracao;1;numero;Quanto é 40 − 40?;;;0;Se eu tiro tudo, sobra...;Quando tiramos tudo o que temos, sobra zero.;EF01MA06
SUB-150;subtracao;1;numero;Quanto é 45 − 0?;;;45;Se eu não tiro nada...;Tirar zero não muda nada: continua 45.;EF01MA06
SUB-151;subtracao;1;numero;Quanto é 32 − 0?;;;32;Se eu não tiro nada...;Tirar zero não muda nada: continua 32.;EF01MA06
SUB-152;subtracao;1;numero;Quanto é 50 − 50?;;;0;Se eu tiro tudo, sobra...;Quando tiramos tudo o que temos, sobra zero.;EF01MA06
SUB-153;subtracao;1;numero;Quanto é 48 − 48?;;;0;Se eu tiro tudo, sobra...;Quando tiramos tudo o que temos, sobra zero.;EF01MA06
SUB-154;subtracao;1;numero;Quanto é 30 − 0?;;;30;Se eu não tiro nada...;Tirar zero não muda nada: continua 30.;EF01MA06
SUB-155;subtracao;1;numero;Quanto é 6 − 0?;;;6;Se eu não tiro nada...;Tirar zero não muda nada: continua 6.;EF01MA06
SUB-156;subtracao;1;numero;Quanto é 15 − 15?;;;0;Se eu tiro tudo, sobra...;Quando tiramos tudo o que temos, sobra zero.;EF01MA06
SUB-157;subtracao;1;numero;Quanto é 21 − 0?;;;21;Se eu não tiro nada...;Tirar zero não muda nada: continua 21.;EF01MA06
SUB-158;subtracao;1;numero;Quanto é 11 − 11?;;;0;Se eu tiro tudo, sobra...;Quando tiramos tudo o que temos, sobra zero.;EF01MA06
SUB-159;subtracao;1;numero;Quanto é 15 − 0?;;;15;Se eu não tiro nada...;Tirar zero não muda nada: continua 15.;EF01MA06
PRO-001;problemas;2;numero;Bernardo tinha 25 conchas. Ganhou mais 8. Com quantas conchas Bernardo ficou?;;;33;Ganhar é juntar: use a adição.;25 + 8 = 33 conchas.;EF01MA08
PRO-002;problemas;2;numero;Pedro tinha 24 conchas. Ganhou mais 10. Com quantas conchas Pedro ficou?;;;34;Ganhar é juntar: use a adição.;24 + 10 = 34 conchas.;EF01MA08
PRO-003;problemas;2;numero;Helena tinha 11 pipas. Ganhou mais 13. Com quantas pipas Helena ficou?;;;24;Ganhar é juntar: use a adição.;11 + 13 = 24 pipas.;EF01MA08
PRO-004;problemas;2;numero;Arthur tinha 13 bolinhas de gude. Ganhou mais 6. Com quantas bolinhas de gude Arthur ficou?;;;19;Ganhar é juntar: use a adição.;13 + 6 = 19 bolinhas de gude.;EF01MA08
PRO-005;problemas;2;numero;Manuela tinha 9 livros. Ganhou mais 12. Com quantos livros Manuela ficou?;;;21;Ganhar é juntar: use a adição.;9 + 12 = 21 livros.;EF01MA08
PRO-006;problemas;2;numero;Davi tinha 24 flores. Ganhou mais 14. Com quantas flores Davi ficou?;;;38;Ganhar é juntar: use a adição.;24 + 14 = 38 flores.;EF01MA08
PRO-007;problemas;2;numero;Helena tinha 24 chicletes. Ganhou mais 15. Com quantos chicletes Helena ficou?;;;39;Ganhar é juntar: use a adição.;24 + 15 = 39 chicletes.;EF01MA08
PRO-008;problemas;2;numero;Davi tinha 11 flores. Ganhou mais 8. Com quantas flores Davi ficou?;;;19;Ganhar é juntar: use a adição.;11 + 8 = 19 flores.;EF01MA08
PRO-009;problemas;2;numero;Júlia tinha 6 lápis. Ganhou mais 15. Com quantos lápis Júlia ficou?;;;21;Ganhar é juntar: use a adição.;6 + 15 = 21 lápis.;EF01MA08
PRO-010;problemas;1;numero;Heitor tinha 6 livros. Ganhou mais 9. Com quantos livros Heitor ficou?;;;15;Ganhar é juntar: use a adição.;6 + 9 = 15 livros.;EF01MA08
PRO-011;problemas;2;numero;Lorena tinha 13 balas. Ganhou mais 6. Com quantas balas Lorena ficou?;;;19;Ganhar é juntar: use a adição.;13 + 6 = 19 balas.;EF01MA08
PRO-012;problemas;2;numero;Ana tinha 21 flores. Ganhou mais 3. Com quantas flores Ana ficou?;;;24;Ganhar é juntar: use a adição.;21 + 3 = 24 flores.;EF01MA08
PRO-013;problemas;1;numero;Sofia tinha 6 carrinhos. Ganhou mais 8. Com quantos carrinhos Sofia ficou?;;;14;Ganhar é juntar: use a adição.;6 + 8 = 14 carrinhos.;EF01MA08
PRO-014;problemas;1;numero;Lívia tinha 3 pirulitos. Ganhou mais 9. Com quantos pirulitos Lívia ficou?;;;12;Ganhar é juntar: use a adição.;3 + 9 = 12 pirulitos.;EF01MA08
PRO-015;problemas;2;numero;Heitor tinha 11 flores. Ganhou mais 13. Com quantas flores Heitor ficou?;;;24;Ganhar é juntar: use a adição.;11 + 13 = 24 flores.;EF01MA08
PRO-016;problemas;2;numero;Lívia tinha 17 lápis. Ganhou mais 5. Com quantos lápis Lívia ficou?;;;22;Ganhar é juntar: use a adição.;17 + 5 = 22 lápis.;EF01MA08
PRO-017;problemas;2;numero;Valentina tinha 14 pirulitos. Ganhou mais 3. Com quantos pirulitos Valentina ficou?;;;17;Ganhar é juntar: use a adição.;14 + 3 = 17 pirulitos.;EF01MA08
PRO-018;problemas;2;numero;Maria tinha 24 pirulitos. Ganhou mais 4. Com quantos pirulitos Maria ficou?;;;28;Ganhar é juntar: use a adição.;24 + 4 = 28 pirulitos.;EF01MA08
PRO-019;problemas;2;numero;Sofia tinha 24 pipas. Ganhou mais 8. Com quantas pipas Sofia ficou?;;;32;Ganhar é juntar: use a adição.;24 + 8 = 32 pipas.;EF01MA08
PRO-020;problemas;2;numero;Theo tinha 12 botões. Ganhou mais 14. Com quantos botões Theo ficou?;;;26;Ganhar é juntar: use a adição.;12 + 14 = 26 botões.;EF01MA08
PRO-021;problemas;1;numero;Manuela tinha 4 conchas. Ganhou mais 2. Com quantas conchas Manuela ficou?;;;6;Ganhar é juntar: use a adição.;4 + 2 = 6 conchas.;EF01MA08
PRO-022;problemas;2;numero;Lucas tinha 24 balas. Ganhou mais 15. Com quantas balas Lucas ficou?;;;39;Ganhar é juntar: use a adição.;24 + 15 = 39 balas.;EF01MA08
PRO-023;problemas;2;numero;Laura tinha 8 chicletes. Ganhou mais 9. Com quantos chicletes Laura ficou?;;;17;Ganhar é juntar: use a adição.;8 + 9 = 17 chicletes.;EF01MA08
PRO-024;problemas;2;numero;Cecília tinha 16 livros. Ganhou mais 9. Com quantos livros Cecília ficou?;;;25;Ganhar é juntar: use a adição.;16 + 9 = 25 livros.;EF01MA08
PRO-025;problemas;2;numero;Lívia tinha 16 chicletes. Ganhou mais 11. Com quantos chicletes Lívia ficou?;;;27;Ganhar é juntar: use a adição.;16 + 11 = 27 chicletes.;EF01MA08
PRO-026;problemas;2;numero;Manuela tinha 21 chicletes. Ganhou mais 12. Com quantos chicletes Manuela ficou?;;;33;Ganhar é juntar: use a adição.;21 + 12 = 33 chicletes.;EF01MA08
PRO-027;problemas;1;numero;Manuela tinha 8 livros e deu 5 para Enzo. Com quantos livros Manuela ficou?;;;3;Dar é tirar: use a subtração.;8 − 5 = 3 livros.;EF01MA08
PRO-028;problemas;2;numero;Gabriel tinha 24 bolinhas de gude e deu 10 para Lorena. Com quantas bolinhas de gude Gabriel ficou?;;;14;Dar é tirar: use a subtração.;24 − 10 = 14 bolinhas de gude.;EF01MA08
PRO-029;problemas;2;numero;Lívia tinha 25 figurinhas e deu 15 para Gabriel. Com quantas figurinhas Lívia ficou?;;;10;Dar é tirar: use a subtração.;25 − 15 = 10 figurinhas.;EF01MA08
PRO-030;problemas;2;numero;Cecília tinha 24 pirulitos e deu 13 para Davi. Com quantos pirulitos Cecília ficou?;;;11;Dar é tirar: use a subtração.;24 − 13 = 11 pirulitos.;EF01MA08
PRO-031;problemas;2;numero;Arthur tinha 34 chicletes e deu 4 para Alice. Com quantos chicletes Arthur ficou?;;;30;Dar é tirar: use a subtração.;34 − 4 = 30 chicletes.;EF01MA08
PRO-032;problemas;2;numero;Miguel tinha 29 tampinhas e deu 12 para Alice. Com quantas tampinhas Miguel ficou?;;;17;Dar é tirar: use a subtração.;29 − 12 = 17 tampinhas.;EF01MA08
PRO-033;problemas;1;numero;Cecília tinha 14 balas e deu 9 para Ana. Com quantas balas Cecília ficou?;;;5;Dar é tirar: use a subtração.;14 − 9 = 5 balas.;EF01MA08
PRO-034;problemas;2;numero;Júlia tinha 26 flores e deu 15 para Enzo. Com quantas flores Júlia ficou?;;;11;Dar é tirar: use a subtração.;26 − 15 = 11 flores.;EF01MA08
PRO-035;problemas;2;numero;Isabela tinha 21 figurinhas e deu 14 para Lorena. Com quantas figurinhas Isabela ficou?;;;7;Dar é tirar: use a subtração.;21 − 14 = 7 figurinhas.;EF01MA08
PRO-036;problemas;2;numero;Lorena tinha 31 conchas e deu 11 para Laura. Com quantas conchas Lorena ficou?;;;20;Dar é tirar: use a subtração.;31 − 11 = 20 conchas.;EF01MA08
PRO-037;problemas;1;numero;Sofia tinha 12 flores e deu 11 para Pedro. Com quantas flores Sofia ficou?;;;1;Dar é tirar: use a subtração.;12 − 11 = 1 flores.;EF01MA08
PRO-038;problemas;1;numero;Enzo tinha 15 biscoitos e deu 2 para Manuela. Com quantos biscoitos Enzo ficou?;;;13;Dar é tirar: use a subtração.;15 − 2 = 13 biscoitos.;EF01MA08
PRO-039;problemas;1;numero;Miguel tinha 9 carrinhos e deu 6 para Sofia. Com quantos carrinhos Miguel ficou?;;;3;Dar é tirar: use a subtração.;9 − 6 = 3 carrinhos.;EF01MA08
PRO-040;problemas;2;numero;Valentina tinha 19 pirulitos e deu 5 para Pedro. Com quantos pirulitos Valentina ficou?;;;14;Dar é tirar: use a subtração.;19 − 5 = 14 pirulitos.;EF01MA08
PRO-041;problemas;1;numero;Lorena tinha 12 pipas e deu 7 para Valentina. Com quantas pipas Lorena ficou?;;;5;Dar é tirar: use a subtração.;12 − 7 = 5 pipas.;EF01MA08
PRO-042;problemas;1;numero;Júlia tinha 15 balas e deu 9 para Benício. Com quantas balas Júlia ficou?;;;6;Dar é tirar: use a subtração.;15 − 9 = 6 balas.;EF01MA08
PRO-043;problemas;2;numero;Pedro tinha 19 botões e deu 15 para Heitor. Com quantos botões Pedro ficou?;;;4;Dar é tirar: use a subtração.;19 − 15 = 4 botões.;EF01MA08
PRO-044;problemas;2;numero;Lucas tinha 21 adesivos e deu 7 para Isabela. Com quantos adesivos Lucas ficou?;;;14;Dar é tirar: use a subtração.;21 − 7 = 14 adesivos.;EF01MA08
PRO-045;problemas;2;numero;Pedro tinha 28 pirulitos e deu 15 para Gabriel. Com quantos pirulitos Pedro ficou?;;;13;Dar é tirar: use a subtração.;28 − 15 = 13 pirulitos.;EF01MA08
PRO-046;problemas;1;numero;Rafael tinha 11 chicletes e deu 4 para Júlia. Com quantos chicletes Rafael ficou?;;;7;Dar é tirar: use a subtração.;11 − 4 = 7 chicletes.;EF01MA08
PRO-047;problemas;1;numero;Bernardo tinha 15 carrinhos e deu 11 para Benício. Com quantos carrinhos Bernardo ficou?;;;4;Dar é tirar: use a subtração.;15 − 11 = 4 carrinhos.;EF01MA08
PRO-048;problemas;2;numero;Laura tinha 31 botões e deu 12 para Júlia. Com quantos botões Laura ficou?;;;19;Dar é tirar: use a subtração.;31 − 12 = 19 botões.;EF01MA08
PRO-049;problemas;1;numero;Ana tinha 15 pirulitos e deu 7 para Arthur. Com quantos pirulitos Ana ficou?;;;8;Dar é tirar: use a subtração.;15 − 7 = 8 pirulitos.;EF01MA08
PRO-050;problemas;2;numero;Isabela tinha 23 maçãs e deu 12 para Gabriel. Com quantas maçãs Isabela ficou?;;;11;Dar é tirar: use a subtração.;23 − 12 = 11 maçãs.;EF01MA08
PRO-051;problemas;2;numero;Isabela tinha 28 biscoitos e deu 7 para Samuel. Com quantos biscoitos Isabela ficou?;;;21;Dar é tirar: use a subtração.;28 − 7 = 21 biscoitos.;EF01MA08
PRO-052;problemas;2;numero;Miguel tinha 35 pipas e deu 2 para Laura. Com quantas pipas Miguel ficou?;;;33;Dar é tirar: use a subtração.;35 − 2 = 33 pipas.;EF01MA08
PRO-053;problemas;3;numero;Samuel tem 28 adesivos e Gabriel tem 14. Quantos adesivos Samuel tem A MAIS que Gabriel?;;;14;Quanto falta para 14 chegar em 28?;28 − 14 = 14. Samuel tem 14 a mais.;EF01MA08
PRO-054;problemas;3;numero;Lucas tem 17 botões e Rafael tem 5. Quantos botões Lucas tem A MAIS que Rafael?;;;12;Quanto falta para 5 chegar em 17?;17 − 5 = 12. Lucas tem 12 a mais.;EF01MA08
PRO-055;problemas;3;numero;Gabriel tem 21 flores e Davi tem 10. Quantas flores Gabriel tem A MAIS que Davi?;;;11;Quanto falta para 10 chegar em 21?;21 − 10 = 11. Gabriel tem 11 a mais.;EF01MA08
PRO-056;problemas;3;numero;Lucas tem 29 botões e Maria tem 8. Quantos botões Lucas tem A MAIS que Maria?;;;21;Quanto falta para 8 chegar em 29?;29 − 8 = 21. Lucas tem 21 a mais.;EF01MA08
PRO-057;problemas;3;numero;Lucas tem 29 livros e Bernardo tem 23. Quantos livros Lucas tem A MAIS que Bernardo?;;;6;Quanto falta para 23 chegar em 29?;29 − 23 = 6. Lucas tem 6 a mais.;EF01MA08
PRO-058;problemas;3;numero;Theo tem 28 bolinhas de gude e Bernardo tem 26. Quantas bolinhas de gude Theo tem A MAIS que Bernardo?;;;2;Quanto falta para 26 chegar em 28?;28 − 26 = 2. Theo tem 2 a mais.;EF01MA08
PRO-059;problemas;3;numero;Valentina tem 12 lápis e Laura tem 4. Quantos lápis Valentina tem A MAIS que Laura?;;;8;Quanto falta para 4 chegar em 12?;12 − 4 = 8. Valentina tem 8 a mais.;EF01MA08
PRO-060;problemas;3;numero;Heitor tem 14 balas e Júlia tem 11. Quantas balas Heitor tem A MAIS que Júlia?;;;3;Quanto falta para 11 chegar em 14?;14 − 11 = 3. Heitor tem 3 a mais.;EF01MA08
PRO-061;problemas;3;numero;Laura tem 20 pirulitos e Alice tem 18. Quantos pirulitos Laura tem A MAIS que Alice?;;;2;Quanto falta para 18 chegar em 20?;20 − 18 = 2. Laura tem 2 a mais.;EF01MA08
PRO-062;problemas;3;numero;Sofia tem 15 balas e Davi tem 5. Quantas balas Sofia tem A MAIS que Davi?;;;10;Quanto falta para 5 chegar em 15?;15 − 5 = 10. Sofia tem 10 a mais.;EF01MA08
PRO-063;problemas;3;numero;Pedro tem 27 pirulitos e Laura tem 24. Quantos pirulitos Pedro tem A MAIS que Laura?;;;3;Quanto falta para 24 chegar em 27?;27 − 24 = 3. Pedro tem 3 a mais.;EF01MA08
PRO-064;problemas;3;numero;Arthur tem 20 botões e Sofia tem 13. Quantos botões Arthur tem A MAIS que Sofia?;;;7;Quanto falta para 13 chegar em 20?;20 − 13 = 7. Arthur tem 7 a mais.;EF01MA08
PRO-065;problemas;3;numero;Lorena tem 26 lápis e Manuela tem 5. Quantos lápis Lorena tem A MAIS que Manuela?;;;21;Quanto falta para 5 chegar em 26?;26 − 5 = 21. Lorena tem 21 a mais.;EF01MA08
PRO-066;problemas;3;numero;Lucas tem 8 bolinhas de gude e Ana tem 5. Quantas bolinhas de gude Lucas tem A MAIS que Ana?;;;3;Quanto falta para 5 chegar em 8?;8 − 5 = 3. Lucas tem 3 a mais.;EF01MA08
PRO-067;problemas;3;numero;Davi tem 27 balas e Miguel tem 23. Quantas balas Davi tem A MAIS que Miguel?;;;4;Quanto falta para 23 chegar em 27?;27 − 23 = 4. Davi tem 4 a mais.;EF01MA08
PRO-068;problemas;3;numero;Davi tem 29 conchas e Pedro tem 15. Quantas conchas Davi tem A MAIS que Pedro?;;;14;Quanto falta para 15 chegar em 29?;29 − 15 = 14. Davi tem 14 a mais.;EF01MA08
PRO-069;problemas;3;numero;Gabriel tem 8 pirulitos e Manuela tem 6. Quantos pirulitos Gabriel tem A MAIS que Manuela?;;;2;Quanto falta para 6 chegar em 8?;8 − 6 = 2. Gabriel tem 2 a mais.;EF01MA08
PRO-070;problemas;3;numero;Helena tem 21 conchas e Manuela tem 9. Quantas conchas Helena tem A MAIS que Manuela?;;;12;Quanto falta para 9 chegar em 21?;21 − 9 = 12. Helena tem 12 a mais.;EF01MA08
PRO-071;problemas;3;numero;Benício tem 26 carrinhos e Manuela tem 5. Quantos carrinhos Benício tem A MAIS que Manuela?;;;21;Quanto falta para 5 chegar em 26?;26 − 5 = 21. Benício tem 21 a mais.;EF01MA08
PRO-072;problemas;3;numero;Gabriel tem 10 adesivos e Sofia tem 6. Quantos adesivos Gabriel tem A MAIS que Sofia?;;;4;Quanto falta para 6 chegar em 10?;10 − 6 = 4. Gabriel tem 4 a mais.;EF01MA08
PRO-073;problemas;3;numero;Bernardo tem 28 bolinhas de gude e Júlia tem 12. Quantas bolinhas de gude Bernardo tem A MAIS que Júlia?;;;16;Quanto falta para 12 chegar em 28?;28 − 12 = 16. Bernardo tem 16 a mais.;EF01MA08
PRO-074;problemas;3;numero;Enzo tem 18 livros e Alice tem 10. Quantos livros Enzo tem A MAIS que Alice?;;;8;Quanto falta para 10 chegar em 18?;18 − 10 = 8. Enzo tem 8 a mais.;EF01MA08
PRO-075;problemas;2;numero;Bernardo quer juntar 11 figurinhas. Já tem 3. Quantas ainda faltam?;;;8;Conte do 3 até o 11.;3 + 8 = 11. Faltam 8.;EF01MA08
PRO-076;problemas;3;numero;Laura quer juntar 30 carrinhos. Já tem 4. Quantos ainda faltam?;;;26;Conte do 4 até o 30.;4 + 26 = 30. Faltam 26.;EF01MA08
PRO-077;problemas;3;numero;Benício quer juntar 23 chicletes. Já tem 6. Quantos ainda faltam?;;;17;Conte do 6 até o 23.;6 + 17 = 23. Faltam 17.;EF01MA08
PRO-078;problemas;3;numero;Miguel quer juntar 20 pipas. Já tem 10. Quantas ainda faltam?;;;10;Conte do 10 até o 20.;10 + 10 = 20. Faltam 10.;EF01MA08
PRO-079;problemas;3;numero;Benício quer juntar 20 maçãs. Já tem 3. Quantas ainda faltam?;;;17;Conte do 3 até o 20.;3 + 17 = 20. Faltam 17.;EF01MA08
PRO-080;problemas;2;numero;Manuela quer juntar 12 balas. Já tem 7. Quantas ainda faltam?;;;5;Conte do 7 até o 12.;7 + 5 = 12. Faltam 5.;EF01MA08
PRO-081;problemas;3;numero;Valentina quer juntar 23 botões. Já tem 5. Quantos ainda faltam?;;;18;Conte do 5 até o 23.;5 + 18 = 23. Faltam 18.;EF01MA08
PRO-082;problemas;2;numero;Miguel quer juntar 14 tampinhas. Já tem 7. Quantas ainda faltam?;;;7;Conte do 7 até o 14.;7 + 7 = 14. Faltam 7.;EF01MA08
PRO-083;problemas;3;numero;Rafael quer juntar 30 livros. Já tem 20. Quantos ainda faltam?;;;10;Conte do 20 até o 30.;20 + 10 = 30. Faltam 10.;EF01MA08
PRO-084;problemas;2;numero;Júlia quer juntar 15 chicletes. Já tem 3. Quantos ainda faltam?;;;12;Conte do 3 até o 15.;3 + 12 = 15. Faltam 12.;EF01MA08
PRO-085;problemas;3;numero;Davi quer juntar 30 pipas. Já tem 19. Quantas ainda faltam?;;;11;Conte do 19 até o 30.;19 + 11 = 30. Faltam 11.;EF01MA08
PRO-086;problemas;3;numero;Enzo quer juntar 30 adesivos. Já tem 7. Quantos ainda faltam?;;;23;Conte do 7 até o 30.;7 + 23 = 30. Faltam 23.;EF01MA08
PRO-087;problemas;3;numero;Manuela quer juntar 16 chicletes. Já tem 6. Quantos ainda faltam?;;;10;Conte do 6 até o 16.;6 + 10 = 16. Faltam 10.;EF01MA08
PRO-088;problemas;2;numero;Rafael quer juntar 13 pipas. Já tem 3. Quantas ainda faltam?;;;10;Conte do 3 até o 13.;3 + 10 = 13. Faltam 10.;EF01MA08
PRO-089;problemas;3;numero;Pedro quer juntar 29 flores. Já tem 8. Quantas ainda faltam?;;;21;Conte do 8 até o 29.;8 + 21 = 29. Faltam 21.;EF01MA08
PRO-090;problemas;3;numero;Alice quer juntar 18 bolinhas de gude. Já tem 6. Quantas ainda faltam?;;;12;Conte do 6 até o 18.;6 + 12 = 18. Faltam 12.;EF01MA08
PRO-091;problemas;3;numero;Júlia quer juntar 20 adesivos. Já tem 18. Quantos ainda faltam?;;;2;Conte do 18 até o 20.;18 + 2 = 20. Faltam 2.;EF01MA08
PRO-092;problemas;2;numero;Isabela quer juntar 13 maçãs. Já tem 3. Quantas ainda faltam?;;;10;Conte do 3 até o 13.;3 + 10 = 13. Faltam 10.;EF01MA08
PRO-093;problemas;3;numero;Maria quer juntar 20 adesivos. Já tem 17. Quantos ainda faltam?;;;3;Conte do 17 até o 20.;17 + 3 = 20. Faltam 3.;EF01MA08
PRO-094;problemas;2;numero;Isabela quer juntar 13 chicletes. Já tem 8. Quantos ainda faltam?;;;5;Conte do 8 até o 13.;8 + 5 = 13. Faltam 5.;EF01MA08
PRO-095;problemas;3;numero;Davi tinha 16 pipas. Ganhou 4 de Pedro e depois perdeu 5. Com quantas pipas ficou?;;;15;Faça uma parte de cada vez: primeiro o que ganhou, depois o que perdeu.;"16 + 4 = 20; 20 − 5 = 15.";EF01MA08
PRO-096;problemas;3;numero;Samuel tinha 8 lápis. Ganhou 8 de Júlia e depois perdeu 10. Com quantos lápis ficou?;;;6;Faça uma parte de cada vez: primeiro o que ganhou, depois o que perdeu.;"8 + 8 = 16; 16 − 10 = 6.";EF01MA08
PRO-097;problemas;3;numero;Manuela tinha 15 maçãs. Ganhou 6 de Benício e depois perdeu 3. Com quantas maçãs ficou?;;;18;Faça uma parte de cada vez: primeiro o que ganhou, depois o que perdeu.;"15 + 6 = 21; 21 − 3 = 18.";EF01MA08
PRO-098;problemas;3;numero;Júlia tinha 18 pipas. Ganhou 9 de Benício e depois perdeu 7. Com quantas pipas ficou?;;;20;Faça uma parte de cada vez: primeiro o que ganhou, depois o que perdeu.;"18 + 9 = 27; 27 − 7 = 20.";EF01MA08
PRO-099;problemas;3;numero;Júlia tinha 7 bolinhas de gude. Ganhou 4 de Valentina e depois perdeu 3. Com quantas bolinhas de gude ficou?;;;8;Faça uma parte de cada vez: primeiro o que ganhou, depois o que perdeu.;"7 + 4 = 11; 11 − 3 = 8.";EF01MA08
PRO-100;problemas;3;numero;Maria tinha 17 bolinhas de gude. Ganhou 10 de Isabela e depois perdeu 10. Com quantas bolinhas de gude ficou?;;;17;Faça uma parte de cada vez: primeiro o que ganhou, depois o que perdeu.;"17 + 10 = 27; 27 − 10 = 17.";EF01MA08
PRO-101;problemas;3;numero;Alice tinha 13 tampinhas. Ganhou 3 de Sofia e depois perdeu 11. Com quantas tampinhas ficou?;;;5;Faça uma parte de cada vez: primeiro o que ganhou, depois o que perdeu.;"13 + 3 = 16; 16 − 11 = 5.";EF01MA08
PRO-102;problemas;3;numero;Theo tinha 11 balas. Ganhou 6 de Manuela e depois perdeu 15. Com quantas balas ficou?;;;2;Faça uma parte de cada vez: primeiro o que ganhou, depois o que perdeu.;"11 + 6 = 17; 17 − 15 = 2.";EF01MA08
PRO-103;problemas;3;numero;Ana tinha 14 adesivos. Ganhou 5 de Cecília e depois perdeu 11. Com quantos adesivos ficou?;;;8;Faça uma parte de cada vez: primeiro o que ganhou, depois o que perdeu.;"14 + 5 = 19; 19 − 11 = 8.";EF01MA08
PRO-104;problemas;3;numero;Cecília tinha 5 bolinhas de gude. Ganhou 9 de Lucas e depois perdeu 2. Com quantas bolinhas de gude ficou?;;;12;Faça uma parte de cada vez: primeiro o que ganhou, depois o que perdeu.;"5 + 9 = 14; 14 − 2 = 12.";EF01MA08
PRO-105;problemas;3;numero;Lucas tinha 13 pirulitos. Ganhou 4 de Gabriel e depois perdeu 2. Com quantos pirulitos ficou?;;;15;Faça uma parte de cada vez: primeiro o que ganhou, depois o que perdeu.;"13 + 4 = 17; 17 − 2 = 15.";EF01MA08
PRO-106;problemas;3;numero;Alice tinha 7 flores. Ganhou 10 de Ana e depois perdeu 2. Com quantas flores ficou?;;;15;Faça uma parte de cada vez: primeiro o que ganhou, depois o que perdeu.;"7 + 10 = 17; 17 − 2 = 15.";EF01MA08
PRO-107;problemas;3;numero;Sofia tinha 15 adesivos. Ganhou 2 de Lívia e depois perdeu 3. Com quantos adesivos ficou?;;;14;Faça uma parte de cada vez: primeiro o que ganhou, depois o que perdeu.;"15 + 2 = 17; 17 − 3 = 14.";EF01MA08
PRO-108;problemas;3;numero;Rafael tinha 15 chicletes. Ganhou 4 de Júlia e depois perdeu 3. Com quantos chicletes ficou?;;;16;Faça uma parte de cada vez: primeiro o que ganhou, depois o que perdeu.;"15 + 4 = 19; 19 − 3 = 16.";EF01MA08
PRO-109;problemas;3;numero;Pedro tinha 17 flores. Ganhou 10 de Helena e depois perdeu 10. Com quantas flores ficou?;;;17;Faça uma parte de cada vez: primeiro o que ganhou, depois o que perdeu.;"17 + 10 = 27; 27 − 10 = 17.";EF01MA08
PRO-110;problemas;3;numero;Miguel tinha 14 livros. Ganhou 2 de Ana e depois perdeu 14. Com quantos livros ficou?;;;2;Faça uma parte de cada vez: primeiro o que ganhou, depois o que perdeu.;"14 + 2 = 16; 16 − 14 = 2.";EF01MA08
PRO-111;problemas;3;numero;Arthur tinha 8 flores. Ganhou 7 de Bernardo e depois perdeu 4. Com quantas flores ficou?;;;11;Faça uma parte de cada vez: primeiro o que ganhou, depois o que perdeu.;"8 + 7 = 15; 15 − 4 = 11.";EF01MA08
PRO-112;problemas;3;numero;Alice tinha 19 pirulitos. Ganhou 2 de Rafael e depois perdeu 12. Com quantos pirulitos ficou?;;;9;Faça uma parte de cada vez: primeiro o que ganhou, depois o que perdeu.;"19 + 2 = 21; 21 − 12 = 9.";EF01MA08
PRO-113;problemas;3;numero;Helena tinha 17 pipas. Ganhou 4 de Bernardo e depois perdeu 3. Com quantas pipas ficou?;;;18;Faça uma parte de cada vez: primeiro o que ganhou, depois o que perdeu.;"17 + 4 = 21; 21 − 3 = 18.";EF01MA08
PRO-114;problemas;3;numero;Pedro tinha 5 bolinhas de gude. Ganhou 10 de Júlia e depois perdeu 9. Com quantas bolinhas de gude ficou?;;;6;Faça uma parte de cada vez: primeiro o que ganhou, depois o que perdeu.;"5 + 10 = 15; 15 − 9 = 6.";EF01MA08
PRO-115;problemas;3;numero;Theo tinha 20 balas. Ganhou 2 de Helena e depois perdeu 2. Com quantas balas ficou?;;;20;Faça uma parte de cada vez: primeiro o que ganhou, depois o que perdeu.;"20 + 2 = 22; 22 − 2 = 20.";EF01MA08
PRO-116;problemas;3;numero;Benício tinha 16 bolinhas de gude. Ganhou 5 de Samuel e depois perdeu 17. Com quantas bolinhas de gude ficou?;;;4;Faça uma parte de cada vez: primeiro o que ganhou, depois o que perdeu.;"16 + 5 = 21; 21 − 17 = 4.";EF01MA08
PRO-117;problemas;3;numero;Há 2 pratos com 5 figurinhas em cada. Quantas figurinhas há ao todo?;;;10;Some 5 várias vezes: uma vez para cada prato.;5 + 5 = 10.;EF01MA08
PRO-118;problemas;3;numero;Há 2 caixas com 5 pirulitos em cada. Quantos pirulitos há ao todo?;;;10;Some 5 várias vezes: uma vez para cada caixa.;5 + 5 = 10.;EF01MA08
PRO-119;problemas;3;numero;Há 4 caixas com 4 maçãs em cada. Quantas maçãs há ao todo?;;;16;Some 4 várias vezes: uma vez para cada caixa.;4 + 4 + 4 + 4 = 16.;EF01MA08
PRO-120;problemas;3;numero;Há 4 saquinhos com 4 balas em cada. Quantas balas há ao todo?;;;16;Some 4 várias vezes: uma vez para cada saquinho.;4 + 4 + 4 + 4 = 16.;EF01MA08
PRO-121;problemas;3;numero;Há 2 caixas com 3 adesivos em cada. Quantos adesivos há ao todo?;;;6;Some 3 várias vezes: uma vez para cada caixa.;3 + 3 = 6.;EF01MA08
PRO-122;problemas;3;numero;Há 2 pratos com 2 livros em cada. Quantos livros há ao todo?;;;4;Some 2 várias vezes: uma vez para cada prato.;2 + 2 = 4.;EF01MA08
PRO-123;problemas;3;numero;Há 4 caixas com 4 conchas em cada. Quantas conchas há ao todo?;;;16;Some 4 várias vezes: uma vez para cada caixa.;4 + 4 + 4 + 4 = 16.;EF01MA08
PRO-124;problemas;3;numero;Há 5 pratos com 4 bolinhas de gude em cada. Quantas bolinhas de gude há ao todo?;;;20;Some 4 várias vezes: uma vez para cada prato.;4 + 4 + 4 + 4 + 4 = 20.;EF01MA08
PRO-125;problemas;3;numero;Há 2 caixas com 5 chicletes em cada. Quantos chicletes há ao todo?;;;10;Some 5 várias vezes: uma vez para cada caixa.;5 + 5 = 10.;EF01MA08
PRO-126;problemas;3;numero;Há 3 potes com 3 bolinhas de gude em cada. Quantas bolinhas de gude há ao todo?;;;9;Some 3 várias vezes: uma vez para cada pote.;3 + 3 + 3 = 9.;EF01MA08
PRO-127;problemas;3;numero;Há 4 saquinhos com 5 chicletes em cada. Quantos chicletes há ao todo?;;;20;Some 5 várias vezes: uma vez para cada saquinho.;5 + 5 + 5 + 5 = 20.;EF01MA08
PRO-128;problemas;3;numero;Há 2 potes com 5 tampinhas em cada. Quantas tampinhas há ao todo?;;;10;Some 5 várias vezes: uma vez para cada pote.;5 + 5 = 10.;EF01MA08
PRO-129;problemas;3;numero;Há 4 saquinhos com 3 conchas em cada. Quantas conchas há ao todo?;;;12;Some 3 várias vezes: uma vez para cada saquinho.;3 + 3 + 3 + 3 = 12.;EF01MA08
PRO-130;problemas;3;numero;Há 2 caixas com 5 bolinhas de gude em cada. Quantas bolinhas de gude há ao todo?;;;10;Some 5 várias vezes: uma vez para cada caixa.;5 + 5 = 10.;EF01MA08
PRO-131;problemas;3;numero;Há 4 potes com 5 maçãs em cada. Quantas maçãs há ao todo?;;;20;Some 5 várias vezes: uma vez para cada pote.;5 + 5 + 5 + 5 = 20.;EF01MA08
PRO-132;problemas;3;numero;Há 2 saquinhos com 2 tampinhas em cada. Quantas tampinhas há ao todo?;;;4;Some 2 várias vezes: uma vez para cada saquinho.;2 + 2 = 4.;EF01MA08
PRO-133;problemas;3;numero;Há 2 pratos com 3 adesivos em cada. Quantos adesivos há ao todo?;;;6;Some 3 várias vezes: uma vez para cada prato.;3 + 3 = 6.;EF01MA08
PRO-134;problemas;3;numero;Há 4 saquinhos com 3 tampinhas em cada. Quantas tampinhas há ao todo?;;;12;Some 3 várias vezes: uma vez para cada saquinho.;3 + 3 + 3 + 3 = 12.;EF01MA08
PRO-135;problemas;3;numero;10 pipas foram divididas igualmente entre 2 crianças. Quantas pipas cada uma ganhou?;;;5;Distribua um para cada criança, de novo e de novo, até acabar.;5 + 5 = 10, então cada criança ganhou 5.;EF01MA08
PRO-136;problemas;3;numero;9 botões foram divididos igualmente entre 3 crianças. Quantos botões cada uma ganhou?;;;3;Distribua um para cada criança, de novo e de novo, até acabar.;3 + 3 + 3 = 9, então cada criança ganhou 3.;EF01MA08
PRO-137;problemas;3;numero;6 biscoitos foram divididos igualmente entre 3 crianças. Quantos biscoitos cada uma ganhou?;;;2;Distribua um para cada criança, de novo e de novo, até acabar.;2 + 2 + 2 = 6, então cada criança ganhou 2.;EF01MA08
PRO-138;problemas;3;numero;8 tampinhas foram divididas igualmente entre 2 crianças. Quantas tampinhas cada uma ganhou?;;;4;Distribua um para cada criança, de novo e de novo, até acabar.;4 + 4 = 8, então cada criança ganhou 4.;EF01MA08
PRO-139;problemas;3;numero;8 livros foram divididos igualmente entre 4 crianças. Quantos livros cada uma ganhou?;;;2;Distribua um para cada criança, de novo e de novo, até acabar.;2 + 2 + 2 + 2 = 8, então cada criança ganhou 2.;EF01MA08
PRO-140;problemas;3;numero;20 pipas foram divididas igualmente entre 4 crianças. Quantas pipas cada uma ganhou?;;;5;Distribua um para cada criança, de novo e de novo, até acabar.;5 + 5 + 5 + 5 = 20, então cada criança ganhou 5.;EF01MA08
PRO-141;problemas;3;numero;8 biscoitos foram divididos igualmente entre 4 crianças. Quantos biscoitos cada uma ganhou?;;;2;Distribua um para cada criança, de novo e de novo, até acabar.;2 + 2 + 2 + 2 = 8, então cada criança ganhou 2.;EF01MA08
PRO-142;problemas;3;numero;8 balas foram divididas igualmente entre 2 crianças. Quantas balas cada uma ganhou?;;;4;Distribua um para cada criança, de novo e de novo, até acabar.;4 + 4 = 8, então cada criança ganhou 4.;EF01MA08
PRO-143;problemas;3;numero;12 balas foram divididas igualmente entre 3 crianças. Quantas balas cada uma ganhou?;;;4;Distribua um para cada criança, de novo e de novo, até acabar.;4 + 4 + 4 = 12, então cada criança ganhou 4.;EF01MA08
PRO-144;problemas;3;numero;6 bolinhas de gude foram divididas igualmente entre 2 crianças. Quantas bolinhas de gude cada uma ganhou?;;;3;Distribua um para cada criança, de novo e de novo, até acabar.;3 + 3 = 6, então cada criança ganhou 3.;EF01MA08
PRO-145;problemas;3;numero;16 figurinhas foram divididas igualmente entre 4 crianças. Quantas figurinhas cada uma ganhou?;;;4;Distribua um para cada criança, de novo e de novo, até acabar.;4 + 4 + 4 + 4 = 16, então cada criança ganhou 4.;EF01MA08
PRO-146;problemas;3;numero;8 conchas foram divididas igualmente entre 4 crianças. Quantas conchas cada uma ganhou?;;;2;Distribua um para cada criança, de novo e de novo, até acabar.;2 + 2 + 2 + 2 = 8, então cada criança ganhou 2.;EF01MA08
PRO-147;problemas;3;numero;9 adesivos foram divididos igualmente entre 3 crianças. Quantos adesivos cada uma ganhou?;;;3;Distribua um para cada criança, de novo e de novo, até acabar.;3 + 3 + 3 = 9, então cada criança ganhou 3.;EF01MA08
PRO-148;problemas;3;numero;Um cachorro tem 4 patas. Quantas patas têm 2 cachorros?;;;8;Desenhe e conte!;4 + 4 = 8 patas.;EF01MA08
PRO-149;problemas;3;numero;Um cachorro tem 4 patas. Quantas patas têm 3 cachorros?;;;12;Desenhe e conte!;4 + 4 + 4 = 12 patas.;EF01MA08
PRO-150;problemas;3;numero;Uma galinha tem 2 patas. Quantas patas têm 2 galinhas?;;;4;Desenhe e conte!;2 + 2 = 4 patas.;EF01MA08
PRO-151;problemas;3;numero;Uma galinha tem 2 patas. Quantas patas têm 3 galinhas?;;;6;Desenhe e conte!;2 + 2 + 2 = 6 patas.;EF01MA08
PRO-152;problemas;3;numero;Um gato tem 4 patas. Quantas patas têm 2 gatos?;;;8;Desenhe e conte!;4 + 4 = 8 patas.;EF01MA08
PRO-153;problemas;3;numero;Um gato tem 4 patas. Quantas patas têm 3 gatos?;;;12;Desenhe e conte!;4 + 4 + 4 = 12 patas.;EF01MA08
PRO-154;problemas;3;numero;Um pato tem 2 patas. Quantas patas têm 2 patos?;;;4;Desenhe e conte!;2 + 2 = 4 patas.;EF01MA08
PRO-155;problemas;3;numero;Um pato tem 2 patas. Quantas patas têm 3 patos?;;;6;Desenhe e conte!;2 + 2 + 2 = 6 patas.;EF01MA08
PRO-156;problemas;3;numero;Uma bicicleta tem 2 rodas. Quantas rodas têm 2 bicicletas?;;;4;Desenhe e conte!;2 + 2 = 4 rodas.;EF01MA08
PRO-157;problemas;3;numero;Uma bicicleta tem 2 rodas. Quantas rodas têm 3 bicicletas?;;;6;Desenhe e conte!;2 + 2 + 2 = 6 rodas.;EF01MA08
PRO-158;problemas;3;numero;Um carro tem 4 rodas. Quantas rodas têm 2 carros?;;;8;Desenhe e conte!;4 + 4 = 8 rodas.;EF01MA08
PRO-159;problemas;3;numero;Um carro tem 4 rodas. Quantas rodas têm 3 carros?;;;12;Desenhe e conte!;4 + 4 + 4 = 12 rodas.;EF01MA08
PRO-160;problemas;3;numero;Um triciclo tem 3 rodas. Quantas rodas têm 2 triciclos?;;;6;Desenhe e conte!;3 + 3 = 6 rodas.;EF01MA08
PRO-161;problemas;3;numero;Um triciclo tem 3 rodas. Quantas rodas têm 3 triciclos?;;;9;Desenhe e conte!;3 + 3 + 3 = 9 rodas.;EF01MA08
PRO-162;problemas;3;numero;Uma aranha tem 8 patas. Quantas patas têm 2 aranhas?;;;16;Desenhe e conte!;8 + 8 = 16 patas.;EF01MA08
PRO-163;problemas;3;numero;Uma aranha tem 8 patas. Quantas patas têm 3 aranhas?;;;24;Desenhe e conte!;8 + 8 + 8 = 24 patas.;EF01MA08
PRO-164;problemas;3;numero;Uma joaninha tem 6 patas. Quantas patas têm 2 joaninhas?;;;12;Desenhe e conte!;6 + 6 = 12 patas.;EF01MA08
PRO-165;problemas;3;numero;Uma joaninha tem 6 patas. Quantas patas têm 3 joaninhas?;;;18;Desenhe e conte!;6 + 6 + 6 = 18 patas.;EF01MA08
PRO-166;problemas;2;numero;Numa sala há 12 meninos e 13 meninas. Quantas crianças há na sala?;;;25;Junte os meninos e as meninas.;12 + 13 = 25 crianças.;EF01MA08
PRO-167;problemas;2;numero;Numa turma de 25 alunos, 4 faltaram hoje. Quantos alunos vieram?;;;21;Tire os que faltaram.;25 − 4 = 21 alunos.;EF01MA08
PRO-168;problemas;2;numero;Numa sala há 14 meninos e 10 meninas. Quantas crianças há na sala?;;;24;Junte os meninos e as meninas.;14 + 10 = 24 crianças.;EF01MA08
PRO-169;problemas;2;numero;Numa turma de 24 alunos, 5 faltaram hoje. Quantos alunos vieram?;;;19;Tire os que faltaram.;24 − 5 = 19 alunos.;EF01MA08
PRO-170;problemas;2;numero;Numa sala há 13 meninos e 15 meninas. Quantas crianças há na sala?;;;28;Junte os meninos e as meninas.;13 + 15 = 28 crianças.;EF01MA08
PRO-171;problemas;2;numero;Numa turma de 28 alunos, 3 faltaram hoje. Quantos alunos vieram?;;;25;Tire os que faltaram.;28 − 3 = 25 alunos.;EF01MA08
PRO-172;problemas;2;numero;Numa sala há 9 meninos e 11 meninas. Quantas crianças há na sala?;;;20;Junte os meninos e as meninas.;9 + 11 = 20 crianças.;EF01MA08
PRO-173;problemas;2;numero;Numa turma de 20 alunos, 2 faltaram hoje. Quantos alunos vieram?;;;18;Tire os que faltaram.;20 − 2 = 18 alunos.;EF01MA08
PRO-174;problemas;2;numero;Numa sala há 13 meninos e 9 meninas. Quantas crianças há na sala?;;;22;Junte os meninos e as meninas.;13 + 9 = 22 crianças.;EF01MA08
PRO-175;problemas;2;numero;Numa turma de 22 alunos, 5 faltaram hoje. Quantos alunos vieram?;;;17;Tire os que faltaram.;22 − 5 = 17 alunos.;EF01MA08
PRO-176;problemas;2;numero;Numa sala há 9 meninos e 14 meninas. Quantas crianças há na sala?;;;23;Junte os meninos e as meninas.;9 + 14 = 23 crianças.;EF01MA08
PRO-177;problemas;2;numero;Numa turma de 23 alunos, 5 faltaram hoje. Quantos alunos vieram?;;;18;Tire os que faltaram.;23 − 5 = 18 alunos.;EF01MA08
PRO-178;problemas;2;numero;Numa sala há 14 meninos e 13 meninas. Quantas crianças há na sala?;;;27;Junte os meninos e as meninas.;14 + 13 = 27 crianças.;EF01MA08
PRO-179;problemas;2;numero;Numa turma de 27 alunos, 2 faltaram hoje. Quantos alunos vieram?;;;25;Tire os que faltaram.;27 − 2 = 25 alunos.;EF01MA08
PRO-180;problemas;2;numero;Numa sala há 13 meninos e 10 meninas. Quantas crianças há na sala?;;;23;Junte os meninos e as meninas.;13 + 10 = 23 crianças.;EF01MA08
PRO-181;problemas;2;numero;Numa sala há 8 meninos e 11 meninas. Quantas crianças há na sala?;;;19;Junte os meninos e as meninas.;8 + 11 = 19 crianças.;EF01MA08
PRO-182;problemas;2;numero;Numa turma de 19 alunos, 3 faltaram hoje. Quantos alunos vieram?;;;16;Tire os que faltaram.;19 − 3 = 16 alunos.;EF01MA08
PRO-183;problemas;2;numero;Numa sala há 14 meninos e 14 meninas. Quantas crianças há na sala?;;;28;Junte os meninos e as meninas.;14 + 14 = 28 crianças.;EF01MA08
PRO-184;problemas;2;numero;Numa turma de 28 alunos, 4 faltaram hoje. Quantos alunos vieram?;;;24;Tire os que faltaram.;28 − 4 = 24 alunos.;EF01MA08
PRO-185;problemas;2;numero;Numa sala há 11 meninos e 14 meninas. Quantas crianças há na sala?;;;25;Junte os meninos e as meninas.;11 + 14 = 25 crianças.;EF01MA08
PRO-186;problemas;3;numero;Um ônibus tinha 9 passageiros. No ponto, 5 subiram e 9 desceram. Quantos passageiros há agora?;;;5;Quem sobe, soma. Quem desce, tira.;"9 + 5 = 14; 14 − 9 = 5.";EF01MA08
PRO-187;problemas;3;numero;Um ônibus tinha 18 passageiros. No ponto, 7 subiram e 5 desceram. Quantos passageiros há agora?;;;20;Quem sobe, soma. Quem desce, tira.;"18 + 7 = 25; 25 − 5 = 20.";EF01MA08
PRO-188;problemas;3;numero;Um ônibus tinha 14 passageiros. No ponto, 4 subiram e 9 desceram. Quantos passageiros há agora?;;;9;Quem sobe, soma. Quem desce, tira.;"14 + 4 = 18; 18 − 9 = 9.";EF01MA08
PRO-189;problemas;3;numero;Um ônibus tinha 15 passageiros. No ponto, 7 subiram e 8 desceram. Quantos passageiros há agora?;;;14;Quem sobe, soma. Quem desce, tira.;"15 + 7 = 22; 22 − 8 = 14.";EF01MA08
PRO-190;problemas;3;numero;Um ônibus tinha 6 passageiros. No ponto, 5 subiram e 6 desceram. Quantos passageiros há agora?;;;5;Quem sobe, soma. Quem desce, tira.;"6 + 5 = 11; 11 − 6 = 5.";EF01MA08
PRO-191;problemas;3;numero;Um ônibus tinha 18 passageiros. No ponto, 2 subiram e 4 desceram. Quantos passageiros há agora?;;;16;Quem sobe, soma. Quem desce, tira.;"18 + 2 = 20; 20 − 4 = 16.";EF01MA08
PRO-192;problemas;3;numero;Um ônibus tinha 11 passageiros. No ponto, 9 subiram e 4 desceram. Quantos passageiros há agora?;;;16;Quem sobe, soma. Quem desce, tira.;"11 + 9 = 20; 20 − 4 = 16.";EF01MA08
PRO-193;problemas;3;numero;Um ônibus tinha 17 passageiros. No ponto, 3 subiram e 5 desceram. Quantos passageiros há agora?;;;15;Quem sobe, soma. Quem desce, tira.;"17 + 3 = 20; 20 − 5 = 15.";EF01MA08
PRO-194;problemas;3;numero;Um ônibus tinha 8 passageiros. No ponto, 9 subiram e 7 desceram. Quantos passageiros há agora?;;;10;Quem sobe, soma. Quem desce, tira.;"8 + 9 = 17; 17 − 7 = 10.";EF01MA08
PRO-195;problemas;3;numero;Um ônibus tinha 20 passageiros. No ponto, 3 subiram e 2 desceram. Quantos passageiros há agora?;;;21;Quem sobe, soma. Quem desce, tira.;"20 + 3 = 23; 23 − 2 = 21.";EF01MA08
PRO-196;problemas;2;multipla;Gabriel tinha 17 biscoitos e perdeu 2. Qual conta mostra com quantas ficou?;;17 + 2 | 2 + 2 | 17 − 2 | 2 − 17;17 − 2;"Ganhar aumenta; perder diminui.";A conta certa é 17 − 2.;EF01MA08
PRO-197;problemas;2;multipla;Theo tinha 20 carrinhos e perdeu 7. Qual conta mostra com quantas ficou?;;20 + 7 | 7 + 7 | 7 − 20 | 20 − 7;20 − 7;"Ganhar aumenta; perder diminui.";A conta certa é 20 − 7.;EF01MA08
PRO-198;problemas;2;multipla;Davi tinha 17 pipas e perdeu 6. Qual conta mostra com quantas ficou?;;6 + 6 | 17 + 6 | 6 − 17 | 17 − 6;17 − 6;"Ganhar aumenta; perder diminui.";A conta certa é 17 − 6.;EF01MA08
PRO-199;problemas;2;multipla;Miguel tinha 9 livros e perdeu 2. Qual conta mostra com quantas ficou?;;9 − 2 | 2 + 2 | 2 − 9 | 9 + 2;9 − 2;"Ganhar aumenta; perder diminui.";A conta certa é 9 − 2.;EF01MA08
PRO-200;problemas;2;multipla;Arthur tinha 19 figurinhas e ganhou 3. Qual conta mostra com quantas ficou?;;19 − 3 | 3 + 3 | 19 + 3 | 3 − 19;19 + 3;"Ganhar aumenta; perder diminui.";A conta certa é 19 + 3.;EF01MA08
PRO-201;problemas;2;multipla;Valentina tinha 12 lápis e perdeu 4. Qual conta mostra com quantas ficou?;;4 − 12 | 12 − 4 | 4 + 4 | 12 + 4;12 − 4;"Ganhar aumenta; perder diminui.";A conta certa é 12 − 4.;EF01MA08
PRO-202;problemas;2;multipla;Davi tinha 19 pipas e ganhou 6. Qual conta mostra com quantas ficou?;;19 + 6 | 19 − 6 | 6 + 6 | 6 − 19;19 + 6;"Ganhar aumenta; perder diminui.";A conta certa é 19 + 6.;EF01MA08
PRO-203;problemas;2;multipla;Miguel tinha 13 tampinhas e perdeu 4. Qual conta mostra com quantas ficou?;;13 + 4 | 13 − 4 | 4 + 4 | 4 − 13;13 − 4;"Ganhar aumenta; perder diminui.";A conta certa é 13 − 4.;EF01MA08
PRO-204;problemas;2;multipla;Gabriel tinha 10 maçãs e perdeu 3. Qual conta mostra com quantas ficou?;;3 − 10 | 10 − 3 | 10 + 3 | 3 + 3;10 − 3;"Ganhar aumenta; perder diminui.";A conta certa é 10 − 3.;EF01MA08
PRO-205;problemas;2;multipla;Lívia tinha 13 carrinhos e perdeu 6. Qual conta mostra com quantas ficou?;;13 + 6 | 6 − 13 | 13 − 6 | 6 + 6;13 − 6;"Ganhar aumenta; perder diminui.";A conta certa é 13 − 6.;EF01MA08
PRO-206;problemas;2;multipla;Enzo tinha 20 botões e ganhou 2. Qual conta mostra com quantas ficou?;;20 + 2 | 2 + 2 | 2 − 20 | 20 − 2;20 + 2;"Ganhar aumenta; perder diminui.";A conta certa é 20 + 2.;EF01MA08
PRO-207;problemas;2;multipla;Rafael tinha 14 adesivos e ganhou 6. Qual conta mostra com quantas ficou?;;14 + 6 | 14 − 6 | 6 − 14 | 6 + 6;14 + 6;"Ganhar aumenta; perder diminui.";A conta certa é 14 + 6.;EF01MA08
SEQ-001;sequencias;1;numero;Complete a sequência: 22, 23, ___, 25, 26, 27;;;24;Veja quanto aumenta de um número para o outro.;A sequência aumenta de 1 em 1: 22, 23, 24, 25, 26, 27.;EF01MA10
SEQ-002;sequencias;1;numero;Complete a sequência: 1, 2, 3, 4, 5, ___;;;6;Veja quanto aumenta de um número para o outro.;A sequência aumenta de 1 em 1: 1, 2, 3, 4, 5, 6.;EF01MA10
SEQ-003;sequencias;1;numero;Complete a sequência: 9, 10, ___, 12, 13, 14;;;11;Veja quanto aumenta de um número para o outro.;A sequência aumenta de 1 em 1: 9, 10, 11, 12, 13, 14.;EF01MA10
SEQ-004;sequencias;1;numero;Complete a sequência: 14, 15, 16, ___, 18, 19;;;17;Veja quanto aumenta de um número para o outro.;A sequência aumenta de 1 em 1: 14, 15, 16, 17, 18, 19.;EF01MA10
SEQ-005;sequencias;1;numero;Complete a sequência: 20, 21, 22, 23, ___, 25;;;24;Veja quanto aumenta de um número para o outro.;A sequência aumenta de 1 em 1: 20, 21, 22, 23, 24, 25.;EF01MA10
SEQ-006;sequencias;1;numero;Complete a sequência: 18, 19, 20, 21, 22, ___;;;23;Veja quanto aumenta de um número para o outro.;A sequência aumenta de 1 em 1: 18, 19, 20, 21, 22, 23.;EF01MA10
SEQ-007;sequencias;1;numero;Complete a sequência: 9, 10, 11, 12, ___, 14;;;13;Veja quanto aumenta de um número para o outro.;A sequência aumenta de 1 em 1: 9, 10, 11, 12, 13, 14.;EF01MA10
SEQ-008;sequencias;1;numero;Complete a sequência: 4, 5, 6, 7, 8, ___;;;9;Veja quanto aumenta de um número para o outro.;A sequência aumenta de 1 em 1: 4, 5, 6, 7, 8, 9.;EF01MA10
SEQ-009;sequencias;2;numero;Complete a sequência: 21, 23, ___, 27, 29, 31;;;25;Veja quanto aumenta de um número para o outro.;A sequência aumenta de 2 em 2: 21, 23, 25, 27, 29, 31.;EF01MA10
SEQ-010;sequencias;2;numero;Complete a sequência: 4, 6, ___, 10, 12, 14;;;8;Veja quanto aumenta de um número para o outro.;A sequência aumenta de 2 em 2: 4, 6, 8, 10, 12, 14.;EF01MA10
SEQ-011;sequencias;2;numero;Complete a sequência: 29, 31, 33, 35, 37, ___;;;39;Veja quanto aumenta de um número para o outro.;A sequência aumenta de 2 em 2: 29, 31, 33, 35, 37, 39.;EF01MA10
SEQ-012;sequencias;2;numero;Complete a sequência: 21, 23, 25, 27, ___, 31;;;29;Veja quanto aumenta de um número para o outro.;A sequência aumenta de 2 em 2: 21, 23, 25, 27, 29, 31.;EF01MA10
SEQ-013;sequencias;2;numero;Complete a sequência: 2, 4, 6, 8, 10, ___;;;12;Veja quanto aumenta de um número para o outro.;A sequência aumenta de 2 em 2: 2, 4, 6, 8, 10, 12.;EF01MA10
SEQ-014;sequencias;2;numero;Complete a sequência: 2, 4, ___, 8, 10, 12;;;6;Veja quanto aumenta de um número para o outro.;A sequência aumenta de 2 em 2: 2, 4, 6, 8, 10, 12.;EF01MA10
SEQ-015;sequencias;2;numero;Complete a sequência: 0, 2, ___, 6, 8, 10;;;4;Veja quanto aumenta de um número para o outro.;A sequência aumenta de 2 em 2: 0, 2, 4, 6, 8, 10.;EF01MA10
SEQ-016;sequencias;2;numero;Complete a sequência: 10, 12, 14, ___, 18, 20;;;16;Veja quanto aumenta de um número para o outro.;A sequência aumenta de 2 em 2: 10, 12, 14, 16, 18, 20.;EF01MA10
SEQ-017;sequencias;2;numero;Complete a sequência: 28, 30, 32, 34, ___, 38;;;36;Veja quanto aumenta de um número para o outro.;A sequência aumenta de 2 em 2: 28, 30, 32, 34, 36, 38.;EF01MA10
SEQ-018;sequencias;2;numero;Complete a sequência: 36, 41, ___, 51, 56, 61;;;46;Veja quanto aumenta de um número para o outro.;A sequência aumenta de 5 em 5: 36, 41, 46, 51, 56, 61.;EF01MA10
SEQ-019;sequencias;2;numero;Complete a sequência: 2, 7, 12, 17, 22, ___;;;27;Veja quanto aumenta de um número para o outro.;A sequência aumenta de 5 em 5: 2, 7, 12, 17, 22, 27.;EF01MA10
SEQ-020;sequencias;2;numero;Complete a sequência: 20, 25, ___, 35, 40, 45;;;30;Veja quanto aumenta de um número para o outro.;A sequência aumenta de 5 em 5: 20, 25, 30, 35, 40, 45.;EF01MA10
SEQ-021;sequencias;2;numero;Complete a sequência: 16, 21, 26, ___, 36, 41;;;31;Veja quanto aumenta de um número para o outro.;A sequência aumenta de 5 em 5: 16, 21, 26, 31, 36, 41.;EF01MA10
SEQ-022;sequencias;2;numero;Complete a sequência: 38, 43, 48, ___, 58, 63;;;53;Veja quanto aumenta de um número para o outro.;A sequência aumenta de 5 em 5: 38, 43, 48, 53, 58, 63.;EF01MA10
SEQ-023;sequencias;2;numero;Complete a sequência: 1, 6, 11, ___, 21, 26;;;16;Veja quanto aumenta de um número para o outro.;A sequência aumenta de 5 em 5: 1, 6, 11, 16, 21, 26.;EF01MA10
SEQ-024;sequencias;2;numero;Complete a sequência: 18, 23, ___, 33, 38, 43;;;28;Veja quanto aumenta de um número para o outro.;A sequência aumenta de 5 em 5: 18, 23, 28, 33, 38, 43.;EF01MA10
SEQ-025;sequencias;2;numero;Complete a sequência: 0, 5, ___, 15, 20, 25;;;10;Veja quanto aumenta de um número para o outro.;A sequência aumenta de 5 em 5: 0, 5, 10, 15, 20, 25.;EF01MA10
SEQ-026;sequencias;2;numero;Complete a sequência: 19, 24, ___, 34, 39, 44;;;29;Veja quanto aumenta de um número para o outro.;A sequência aumenta de 5 em 5: 19, 24, 29, 34, 39, 44.;EF01MA10
SEQ-027;sequencias;1;numero;Complete a sequência: 33, 43, 53, 63, ___, 83;;;73;Veja quanto aumenta de um número para o outro.;A sequência aumenta de 10 em 10: 33, 43, 53, 63, 73, 83.;EF01MA10
SEQ-028;sequencias;1;numero;Complete a sequência: 45, 55, ___, 75, 85, 95;;;65;Veja quanto aumenta de um número para o outro.;A sequência aumenta de 10 em 10: 45, 55, 65, 75, 85, 95.;EF01MA10
SEQ-029;sequencias;1;numero;Complete a sequência: 5, 15, 25, 35, ___, 55;;;45;Veja quanto aumenta de um número para o outro.;A sequência aumenta de 10 em 10: 5, 15, 25, 35, 45, 55.;EF01MA10
SEQ-030;sequencias;1;numero;Complete a sequência: 30, 40, ___, 60, 70, 80;;;50;Veja quanto aumenta de um número para o outro.;A sequência aumenta de 10 em 10: 30, 40, 50, 60, 70, 80.;EF01MA10
SEQ-031;sequencias;1;numero;Complete a sequência: 23, 33, 43, ___, 63, 73;;;53;Veja quanto aumenta de um número para o outro.;A sequência aumenta de 10 em 10: 23, 33, 43, 53, 63, 73.;EF01MA10
SEQ-032;sequencias;1;numero;Complete a sequência: 13, 23, 33, 43, ___, 63;;;53;Veja quanto aumenta de um número para o outro.;A sequência aumenta de 10 em 10: 13, 23, 33, 43, 53, 63.;EF01MA10
SEQ-033;sequencias;1;numero;Complete a sequência: 0, 10, ___, 30, 40, 50;;;20;Veja quanto aumenta de um número para o outro.;A sequência aumenta de 10 em 10: 0, 10, 20, 30, 40, 50.;EF01MA10
SEQ-034;sequencias;1;numero;Complete a sequência: 33, 43, ___, 63, 73, 83;;;53;Veja quanto aumenta de um número para o outro.;A sequência aumenta de 10 em 10: 33, 43, 53, 63, 73, 83.;EF01MA10
SEQ-035;sequencias;3;numero;Complete a sequência: 11, 14, 17, 20, ___, 26;;;23;Veja quanto aumenta de um número para o outro.;A sequência aumenta de 3 em 3: 11, 14, 17, 20, 23, 26.;EF01MA10
SEQ-036;sequencias;3;numero;Complete a sequência: 8, 11, 14, 17, ___, 23;;;20;Veja quanto aumenta de um número para o outro.;A sequência aumenta de 3 em 3: 8, 11, 14, 17, 20, 23.;EF01MA10
SEQ-037;sequencias;3;numero;Complete a sequência: 17, 20, 23, ___, 29, 32;;;26;Veja quanto aumenta de um número para o outro.;A sequência aumenta de 3 em 3: 17, 20, 23, 26, 29, 32.;EF01MA10
SEQ-038;sequencias;3;numero;Complete a sequência: 25, 28, ___, 34, 37, 40;;;31;Veja quanto aumenta de um número para o outro.;A sequência aumenta de 3 em 3: 25, 28, 31, 34, 37, 40.;EF01MA10
SEQ-039;sequencias;3;numero;Complete a sequência: 9, 12, 15, ___, 21, 24;;;18;Veja quanto aumenta de um número para o outro.;A sequência aumenta de 3 em 3: 9, 12, 15, 18, 21, 24.;EF01MA10
SEQ-040;sequencias;3;numero;Complete a sequência: 21, 24, ___, 30, 33, 36;;;27;Veja quanto aumenta de um número para o outro.;A sequência aumenta de 3 em 3: 21, 24, 27, 30, 33, 36.;EF01MA10
SEQ-041;sequencias;3;numero;Complete a sequência: 8, 11, 14, 17, 20, ___;;;23;Veja quanto aumenta de um número para o outro.;A sequência aumenta de 3 em 3: 8, 11, 14, 17, 20, 23.;EF01MA10
SEQ-042;sequencias;3;numero;Complete a sequência: 17, 20, 23, 26, 29, ___;;;32;Veja quanto aumenta de um número para o outro.;A sequência aumenta de 3 em 3: 17, 20, 23, 26, 29, 32.;EF01MA10
SEQ-043;sequencias;3;numero;Complete a sequência: 19, 22, ___, 28, 31, 34;;;25;Veja quanto aumenta de um número para o outro.;A sequência aumenta de 3 em 3: 19, 22, 25, 28, 31, 34.;EF01MA10
SEQ-044;sequencias;3;numero;Complete a sequência: 2, 6, ___, 14, 18, 22;;;10;Veja quanto aumenta de um número para o outro.;A sequência aumenta de 4 em 4: 2, 6, 10, 14, 18, 22.;EF01MA10
SEQ-045;sequencias;3;numero;Complete a sequência: 4, 8, 12, 16, ___, 24;;;20;Veja quanto aumenta de um número para o outro.;A sequência aumenta de 4 em 4: 4, 8, 12, 16, 20, 24.;EF01MA10
SEQ-046;sequencias;3;numero;Complete a sequência: 3, 7, 11, 15, ___, 23;;;19;Veja quanto aumenta de um número para o outro.;A sequência aumenta de 4 em 4: 3, 7, 11, 15, 19, 23.;EF01MA10
SEQ-047;sequencias;3;numero;Complete a sequência: 15, 19, 23, 27, 31, ___;;;35;Veja quanto aumenta de um número para o outro.;A sequência aumenta de 4 em 4: 15, 19, 23, 27, 31, 35.;EF01MA10
SEQ-048;sequencias;3;numero;Complete a sequência: 20, 24, 28, 32, ___, 40;;;36;Veja quanto aumenta de um número para o outro.;A sequência aumenta de 4 em 4: 20, 24, 28, 32, 36, 40.;EF01MA10
SEQ-049;sequencias;3;numero;Complete a sequência: 16, 20, 24, 28, 32, ___;;;36;Veja quanto aumenta de um número para o outro.;A sequência aumenta de 4 em 4: 16, 20, 24, 28, 32, 36.;EF01MA10
SEQ-050;sequencias;3;numero;Complete a sequência: 24, 28, 32, 36, ___, 44;;;40;Veja quanto aumenta de um número para o outro.;A sequência aumenta de 4 em 4: 24, 28, 32, 36, 40, 44.;EF01MA10
SEQ-051;sequencias;3;numero;Complete a sequência: 1, 5, 9, ___, 17, 21;;;13;Veja quanto aumenta de um número para o outro.;A sequência aumenta de 4 em 4: 1, 5, 9, 13, 17, 21.;EF01MA10
SEQ-052;sequencias;3;numero;Complete a sequência: 25, 29, 33, 37, 41, ___;;;45;Veja quanto aumenta de um número para o outro.;A sequência aumenta de 4 em 4: 25, 29, 33, 37, 41, 45.;EF01MA10
SEQ-053;sequencias;1;numero;Complete a sequência: 36, 35, ___, 33, 32, 31;;;34;Os números estão diminuindo. De quanto em quanto?;A sequência diminui de 1 em 1: 36, 35, 34, 33, 32, 31.;EF01MA10
SEQ-054;sequencias;1;numero;Complete a sequência: 41, 40, 39, 38, 37, ___;;;36;Os números estão diminuindo. De quanto em quanto?;A sequência diminui de 1 em 1: 41, 40, 39, 38, 37, 36.;EF01MA10
SEQ-055;sequencias;1;numero;Complete a sequência: 41, 40, 39, 38, ___, 36;;;37;Os números estão diminuindo. De quanto em quanto?;A sequência diminui de 1 em 1: 41, 40, 39, 38, 37, 36.;EF01MA10
SEQ-056;sequencias;1;numero;Complete a sequência: 11, 10, 9, 8, 7, ___;;;6;Os números estão diminuindo. De quanto em quanto?;A sequência diminui de 1 em 1: 11, 10, 9, 8, 7, 6.;EF01MA10
SEQ-057;sequencias;1;numero;Complete a sequência: 39, 38, 37, 36, ___, 34;;;35;Os números estão diminuindo. De quanto em quanto?;A sequência diminui de 1 em 1: 39, 38, 37, 36, 35, 34.;EF01MA10
SEQ-058;sequencias;1;numero;Complete a sequência: 44, 43, 42, 41, 40, ___;;;39;Os números estão diminuindo. De quanto em quanto?;A sequência diminui de 1 em 1: 44, 43, 42, 41, 40, 39.;EF01MA10
SEQ-059;sequencias;2;numero;Complete a sequência: 49, 47, ___, 43, 41, 39;;;45;Os números estão diminuindo. De quanto em quanto?;A sequência diminui de 2 em 2: 49, 47, 45, 43, 41, 39.;EF01MA10
SEQ-060;sequencias;2;numero;Complete a sequência: 26, 24, ___, 20, 18, 16;;;22;Os números estão diminuindo. De quanto em quanto?;A sequência diminui de 2 em 2: 26, 24, 22, 20, 18, 16.;EF01MA10
SEQ-061;sequencias;2;numero;Complete a sequência: 41, 39, 37, 35, ___, 31;;;33;Os números estão diminuindo. De quanto em quanto?;A sequência diminui de 2 em 2: 41, 39, 37, 35, 33, 31.;EF01MA10
SEQ-062;sequencias;2;numero;Complete a sequência: 44, 42, ___, 38, 36, 34;;;40;Os números estão diminuindo. De quanto em quanto?;A sequência diminui de 2 em 2: 44, 42, 40, 38, 36, 34.;EF01MA10
SEQ-063;sequencias;2;numero;Complete a sequência: 50, 48, 46, 44, 42, ___;;;40;Os números estão diminuindo. De quanto em quanto?;A sequência diminui de 2 em 2: 50, 48, 46, 44, 42, 40.;EF01MA10
SEQ-064;sequencias;2;numero;Complete a sequência: 49, 47, 45, 43, ___, 39;;;41;Os números estão diminuindo. De quanto em quanto?;A sequência diminui de 2 em 2: 49, 47, 45, 43, 41, 39.;EF01MA10
SEQ-065;sequencias;2;numero;Complete a sequência: 32, 27, ___, 17, 12, 7;;;22;Os números estão diminuindo. De quanto em quanto?;A sequência diminui de 5 em 5: 32, 27, 22, 17, 12, 7.;EF01MA10
SEQ-066;sequencias;2;numero;Complete a sequência: 30, 25, 20, 15, ___, 5;;;10;Os números estão diminuindo. De quanto em quanto?;A sequência diminui de 5 em 5: 30, 25, 20, 15, 10, 5.;EF01MA10
SEQ-067;sequencias;2;numero;Complete a sequência: 38, 33, 28, 23, 18, ___;;;13;Os números estão diminuindo. De quanto em quanto?;A sequência diminui de 5 em 5: 38, 33, 28, 23, 18, 13.;EF01MA10
SEQ-068;sequencias;2;numero;Complete a sequência: 40, 35, 30, 25, 20, ___;;;15;Os números estão diminuindo. De quanto em quanto?;A sequência diminui de 5 em 5: 40, 35, 30, 25, 20, 15.;EF01MA10
SEQ-069;sequencias;2;numero;Complete a sequência: 59, 54, 49, 44, ___, 34;;;39;Os números estão diminuindo. De quanto em quanto?;A sequência diminui de 5 em 5: 59, 54, 49, 44, 39, 34.;EF01MA10
SEQ-070;sequencias;2;numero;Complete a sequência: 47, 42, 37, 32, ___, 22;;;27;Os números estão diminuindo. De quanto em quanto?;A sequência diminui de 5 em 5: 47, 42, 37, 32, 27, 22.;EF01MA10
SEQ-071;sequencias;2;numero;Complete a sequência: 60, 50, ___, 30, 20, 10;;;40;Os números estão diminuindo. De quanto em quanto?;A sequência diminui de 10 em 10: 60, 50, 40, 30, 20, 10.;EF01MA10
SEQ-072;sequencias;2;numero;Complete a sequência: 60, 50, 40, 30, 20, ___;;;10;Os números estão diminuindo. De quanto em quanto?;A sequência diminui de 10 em 10: 60, 50, 40, 30, 20, 10.;EF01MA10
SEQ-073;sequencias;2;numero;Complete a sequência: 60, 50, 40, 30, ___, 10;;;20;Os números estão diminuindo. De quanto em quanto?;A sequência diminui de 10 em 10: 60, 50, 40, 30, 20, 10.;EF01MA10
SEQ-074;sequencias;2;numero;Complete a sequência: 60, 50, 40, ___, 20, 10;;;30;Os números estão diminuindo. De quanto em quanto?;A sequência diminui de 10 em 10: 60, 50, 40, 30, 20, 10.;EF01MA10
SEQ-075;sequencias;3;numero;Complete a sequência: 53, 50, ___, 44, 41, 38;;;47;Os números estão diminuindo. De quanto em quanto?;A sequência diminui de 3 em 3: 53, 50, 47, 44, 41, 38.;EF01MA10
SEQ-076;sequencias;3;numero;Complete a sequência: 28, 25, 22, 19, 16, ___;;;13;Os números estão diminuindo. De quanto em quanto?;A sequência diminui de 3 em 3: 28, 25, 22, 19, 16, 13.;EF01MA10
SEQ-077;sequencias;3;numero;Complete a sequência: 33, 30, 27, 24, ___, 18;;;21;Os números estão diminuindo. De quanto em quanto?;A sequência diminui de 3 em 3: 33, 30, 27, 24, 21, 18.;EF01MA10
SEQ-078;sequencias;3;numero;Complete a sequência: 47, 44, 41, 38, 35, ___;;;32;Os números estão diminuindo. De quanto em quanto?;A sequência diminui de 3 em 3: 47, 44, 41, 38, 35, 32.;EF01MA10
SEQ-079;sequencias;3;numero;Complete a sequência: 59, 56, 53, 50, 47, ___;;;44;Os números estão diminuindo. De quanto em quanto?;A sequência diminui de 3 em 3: 59, 56, 53, 50, 47, 44.;EF01MA10
SEQ-080;sequencias;3;numero;Complete a sequência: 19, 16, 13, 10, ___, 4;;;7;Os números estão diminuindo. De quanto em quanto?;A sequência diminui de 3 em 3: 19, 16, 13, 10, 7, 4.;EF01MA10
SEQ-081;sequencias;2;multipla;Qual é a regra da sequência 1, 3, 5, 7, 9?;;de 2 em 2 | de 3 em 3 | de 5 em 5 | de 10 em 10;de 2 em 2;Faça a conta: segundo número menos o primeiro.;3 − 1 = 2. Ela pula de 2 em 2.;EF01MA10
SEQ-082;sequencias;2;multipla;Qual é a regra da sequência 20, 22, 24, 26, 28?;;de 2 em 2 | de 3 em 3 | de 5 em 5 | de 10 em 10;de 2 em 2;Faça a conta: segundo número menos o primeiro.;22 − 20 = 2. Ela pula de 2 em 2.;EF01MA10
SEQ-083;sequencias;2;multipla;Qual é a regra da sequência 3, 5, 7, 9, 11?;;de 2 em 2 | de 3 em 3 | de 5 em 5 | de 10 em 10;de 2 em 2;Faça a conta: segundo número menos o primeiro.;5 − 3 = 2. Ela pula de 2 em 2.;EF01MA10
SEQ-084;sequencias;2;multipla;Qual é a regra da sequência 8, 11, 14, 17, 20?;;de 2 em 2 | de 3 em 3 | de 5 em 5 | de 10 em 10;de 3 em 3;Faça a conta: segundo número menos o primeiro.;11 − 8 = 3. Ela pula de 3 em 3.;EF01MA10
SEQ-085;sequencias;2;multipla;Qual é a regra da sequência 16, 19, 22, 25, 28?;;de 2 em 2 | de 3 em 3 | de 5 em 5 | de 10 em 10;de 3 em 3;Faça a conta: segundo número menos o primeiro.;19 − 16 = 3. Ela pula de 3 em 3.;EF01MA10
SEQ-086;sequencias;2;multipla;Qual é a regra da sequência 13, 16, 19, 22, 25?;;de 2 em 2 | de 3 em 3 | de 5 em 5 | de 10 em 10;de 3 em 3;Faça a conta: segundo número menos o primeiro.;16 − 13 = 3. Ela pula de 3 em 3.;EF01MA10
SEQ-087;sequencias;2;multipla;Qual é a regra da sequência 2, 7, 12, 17, 22?;;de 2 em 2 | de 3 em 3 | de 5 em 5 | de 10 em 10;de 5 em 5;Faça a conta: segundo número menos o primeiro.;7 − 2 = 5. Ela pula de 5 em 5.;EF01MA10
SEQ-088;sequencias;2;multipla;Qual é a regra da sequência 5, 10, 15, 20, 25?;;de 2 em 2 | de 3 em 3 | de 5 em 5 | de 10 em 10;de 5 em 5;Faça a conta: segundo número menos o primeiro.;10 − 5 = 5. Ela pula de 5 em 5.;EF01MA10
SEQ-089;sequencias;2;multipla;Qual é a regra da sequência 8, 13, 18, 23, 28?;;de 2 em 2 | de 3 em 3 | de 5 em 5 | de 10 em 10;de 5 em 5;Faça a conta: segundo número menos o primeiro.;13 − 8 = 5. Ela pula de 5 em 5.;EF01MA10
SEQ-090;sequencias;2;multipla;Qual é a regra da sequência 2, 12, 22, 32, 42?;;de 2 em 2 | de 3 em 3 | de 5 em 5 | de 10 em 10;de 10 em 10;Faça a conta: segundo número menos o primeiro.;12 − 2 = 10. Ela pula de 10 em 10.;EF01MA10
SEQ-091;sequencias;2;multipla;Qual é a regra da sequência 11, 21, 31, 41, 51?;;de 2 em 2 | de 3 em 3 | de 5 em 5 | de 10 em 10;de 10 em 10;Faça a conta: segundo número menos o primeiro.;21 − 11 = 10. Ela pula de 10 em 10.;EF01MA10
SEQ-092;sequencias;2;multipla;Qual é a regra da sequência 14, 24, 34, 44, 54?;;de 2 em 2 | de 3 em 3 | de 5 em 5 | de 10 em 10;de 10 em 10;Faça a conta: segundo número menos o primeiro.;24 − 14 = 10. Ela pula de 10 em 10.;EF01MA10
SEQ-093;sequencias;1;multipla;Qual figura vem a seguir?;⭐ 🟢 ⭐ 🟢 ❓;🔴 | 🔵 | ⭐ | 🟢;⭐;Encontre o pedacinho que se repete.;O padrão que se repete é ⭐ 🟢. Depois vem ⭐.;EF01MA09
SEQ-094;sequencias;1;multipla;Qual figura vem a seguir?;🔴 🍎 🔴 🍎 ❓;🍎 | 🟡 | 🔴 | 🔵;🔴;Encontre o pedacinho que se repete.;O padrão que se repete é 🔴 🍎. Depois vem 🔴.;EF01MA09
SEQ-095;sequencias;1;multipla;Qual figura vem a seguir?;🟢 🟡 🟢 🟡 🟢 ❓;🟡 | 🔵 | 🔴 | 🟢;🟡;Encontre o pedacinho que se repete.;O padrão que se repete é 🟢 🟡. Depois vem 🟡.;EF01MA09
SEQ-096;sequencias;1;multipla;Qual figura vem a seguir?;🍌 🟡 🍌 🟡 🍌 ❓;🔵 | 🍌 | 🔴 | 🟡;🟡;Encontre o pedacinho que se repete.;O padrão que se repete é 🍌 🟡. Depois vem 🟡.;EF01MA09
SEQ-097;sequencias;1;multipla;Qual figura vem a seguir?;🐶 🐱 🐶 🐱 🐶 ❓;🔴 | 🐶 | 🐱 | 🔵;🐱;Encontre o pedacinho que se repete.;O padrão que se repete é 🐶 🐱. Depois vem 🐱.;EF01MA09
SEQ-098;sequencias;1;multipla;Qual figura vem a seguir?;🟢 🔺 🟢 🔺 🟢 ❓;🔵 | 🔺 | 🟢 | 🔴;🔺;Encontre o pedacinho que se repete.;O padrão que se repete é 🟢 🔺. Depois vem 🔺.;EF01MA09
SEQ-099;sequencias;2;multipla;Qual figura vem a seguir?;🔴 🌙 🍌 🔴 🌙 🍌 🔴 ❓;🔵 | 🔴 | 🌙 | 🍌;🌙;Encontre o pedacinho que se repete.;O padrão que se repete é 🔴 🌙 🍌. Depois vem 🌙.;EF01MA09
SEQ-100;sequencias;2;multipla;Qual figura vem a seguir?;🐱 🔵 🐶 🐱 🔵 🐶 🐱 🔵 ❓;🔴 | 🔵 | 🐱 | 🐶;🐶;Encontre o pedacinho que se repete.;O padrão que se repete é 🐱 🔵 🐶. Depois vem 🐶.;EF01MA09
SEQ-101;sequencias;2;multipla;Qual figura vem a seguir?;🟢 🐶 🟡 🟢 🐶 🟡 🟢 🐶 ❓;🔴 | 🟡 | 🟢 | 🐶;🟡;Encontre o pedacinho que se repete.;O padrão que se repete é 🟢 🐶 🟡. Depois vem 🟡.;EF01MA09
SEQ-102;sequencias;2;multipla;Qual figura vem a seguir?;🔵 🟢 🟦 🔵 🟢 🟦 🔵 ❓;🟢 | 🔴 | 🟦 | 🔵;🟢;Encontre o pedacinho que se repete.;O padrão que se repete é 🔵 🟢 🟦. Depois vem 🟢.;EF01MA09
SEQ-103;sequencias;2;multipla;Qual figura vem a seguir?;🟦 🌙 🍌 🟦 🌙 🍌 🟦 ❓;🍌 | 🌙 | 🟦 | 🔴;🌙;Encontre o pedacinho que se repete.;O padrão que se repete é 🟦 🌙 🍌. Depois vem 🌙.;EF01MA09
SEQ-104;sequencias;2;multipla;Qual figura vem a seguir?;🔺 🍎 🐱 🔺 🍎 🐱 ❓;🔴 | 🐱 | 🍎 | 🔺;🔺;Encontre o pedacinho que se repete.;O padrão que se repete é 🔺 🍎 🐱. Depois vem 🔺.;EF01MA09
SEQ-105;sequencias;2;multipla;Qual figura vem a seguir?;🔴 🔴 🐶 🔴 🔴 🐶 ❓;🐶 | 🔴 | 🟡 | 🔵;🔴;Encontre o pedacinho que se repete.;O padrão que se repete é 🔴 🔴 🐶. Depois vem 🔴.;EF01MA09
SEQ-106;sequencias;2;multipla;Qual figura vem a seguir?;🟢 🟢 🔴 🟢 🟢 🔴 🟢 ❓;🟡 | 🔵 | 🔴 | 🟢;🟢;Encontre o pedacinho que se repete.;O padrão que se repete é 🟢 🟢 🔴. Depois vem 🟢.;EF01MA09
SEQ-107;sequencias;2;multipla;Qual figura vem a seguir?;🔵 🔵 🐱 🔵 🔵 🐱 🔵 ❓;🔴 | 🔵 | 🟡 | 🐱;🔵;Encontre o pedacinho que se repete.;O padrão que se repete é 🔵 🔵 🐱. Depois vem 🔵.;EF01MA09
SEQ-108;sequencias;2;multipla;Qual figura vem a seguir?;🐱 🐱 ⭐ 🐱 🐱 ⭐ 🐱 ❓;🔵 | 🔴 | 🐱 | ⭐;🐱;Encontre o pedacinho que se repete.;O padrão que se repete é 🐱 🐱 ⭐. Depois vem 🐱.;EF01MA09
SEQ-109;sequencias;2;multipla;Qual figura vem a seguir?;🔵 🔵 🟡 🔵 🔵 🟡 🔵 ❓;🟡 | 🔵 | 🔴 | 🟢;🔵;Encontre o pedacinho que se repete.;O padrão que se repete é 🔵 🔵 🟡. Depois vem 🔵.;EF01MA09
SEQ-110;sequencias;2;multipla;Qual figura vem a seguir?;🍎 🍎 🟡 🍎 🍎 🟡 🍎 ❓;🟡 | 🔴 | 🔵 | 🍎;🍎;Encontre o pedacinho que se repete.;O padrão que se repete é 🍎 🍎 🟡. Depois vem 🍎.;EF01MA09
SEQ-111;sequencias;2;multipla;Qual figura vem a seguir?;🍌 🟦 🟦 🍌 🟦 🟦 🍌 🟦 ❓;🍌 | 🔵 | 🟦 | 🔴;🟦;Encontre o pedacinho que se repete.;O padrão que se repete é 🍌 🟦 🟦. Depois vem 🟦.;EF01MA09
SEQ-112;sequencias;2;multipla;Qual figura vem a seguir?;🌙 🔵 🔵 🌙 🔵 🔵 ❓;🟡 | 🌙 | 🔴 | 🔵;🌙;Encontre o pedacinho que se repete.;O padrão que se repete é 🌙 🔵 🔵. Depois vem 🌙.;EF01MA09
SEQ-113;sequencias;2;multipla;Qual figura vem a seguir?;🌙 🍌 🍌 🌙 🍌 🍌 🌙 🍌 ❓;🍌 | 🔵 | 🔴 | 🌙;🍌;Encontre o pedacinho que se repete.;O padrão que se repete é 🌙 🍌 🍌. Depois vem 🍌.;EF01MA09
SEQ-114;sequencias;2;multipla;Qual figura vem a seguir?;🍌 🟢 🟢 🍌 🟢 🟢 🍌 ❓;🔴 | 🔵 | 🍌 | 🟢;🟢;Encontre o pedacinho que se repete.;O padrão que se repete é 🍌 🟢 🟢. Depois vem 🟢.;EF01MA09
SEQ-115;sequencias;2;multipla;Qual figura vem a seguir?;🔵 🌙 🌙 🔵 🌙 🌙 🔵 ❓;🔵 | 🌙 | 🟡 | 🔴;🌙;Encontre o pedacinho que se repete.;O padrão que se repete é 🔵 🌙 🌙. Depois vem 🌙.;EF01MA09
SEQ-116;sequencias;2;multipla;Qual figura vem a seguir?;🔴 🐱 🐱 🔴 🐱 🐱 ❓;🟡 | 🔴 | 🔵 | 🐱;🔴;Encontre o pedacinho que se repete.;O padrão que se repete é 🔴 🐱 🐱. Depois vem 🔴.;EF01MA09
SEQ-117;sequencias;3;multipla;Qual figura vem a seguir?;🟦 🟦 🔺 🔺 🟦 🟦 🔺 🔺 🟦 ❓;🔴 | 🔵 | 🟦 | 🔺;🟦;Encontre o pedacinho que se repete.;O padrão que se repete é 🟦 🟦 🔺 🔺. Depois vem 🟦.;EF01MA09
SEQ-118;sequencias;3;multipla;Qual figura vem a seguir?;🌙 🌙 🍎 🍎 🌙 🌙 🍎 🍎 🌙 🌙 ❓;🔵 | 🔴 | 🍎 | 🌙;🍎;Encontre o pedacinho que se repete.;O padrão que se repete é 🌙 🌙 🍎 🍎. Depois vem 🍎.;EF01MA09
SEQ-119;sequencias;3;multipla;Qual figura vem a seguir?;🟢 🟢 ⭐ ⭐ 🟢 🟢 ⭐ ⭐ 🟢 🟢 ❓;🔴 | 🟢 | 🔵 | ⭐;⭐;Encontre o pedacinho que se repete.;O padrão que se repete é 🟢 🟢 ⭐ ⭐. Depois vem ⭐.;EF01MA09
SEQ-120;sequencias;3;multipla;Qual figura vem a seguir?;🔵 🔵 🟡 🟡 🔵 🔵 🟡 🟡 ❓;🟢 | 🟡 | 🔴 | 🔵;🔵;Encontre o pedacinho que se repete.;O padrão que se repete é 🔵 🔵 🟡 🟡. Depois vem 🔵.;EF01MA09
SEQ-121;sequencias;3;multipla;Qual figura vem a seguir?;🔺 🔺 🔵 🔵 🔺 🔺 🔵 🔵 🔺 ❓;🔵 | 🟡 | 🔺 | 🔴;🔺;Encontre o pedacinho que se repete.;O padrão que se repete é 🔺 🔺 🔵 🔵. Depois vem 🔺.;EF01MA09
SEQ-122;sequencias;3;multipla;Qual figura vem a seguir?;🟦 🟦 🔵 🔵 🟦 🟦 🔵 🔵 🟦 🟦 ❓;🟦 | 🟡 | 🔵 | 🔴;🔵;Encontre o pedacinho que se repete.;O padrão que se repete é 🟦 🟦 🔵 🔵. Depois vem 🔵.;EF01MA09
SEQ-123;sequencias;3;multipla;Qual figura vem a seguir?;🌙 🟢 🔺 🔺 🌙 🟢 🔺 🔺 🌙 ❓;🔴 | 🌙 | 🔺 | 🟢;🟢;Encontre o pedacinho que se repete.;O padrão que se repete é 🌙 🟢 🔺 🔺. Depois vem 🟢.;EF01MA09
SEQ-124;sequencias;3;multipla;Qual figura vem a seguir?;🐱 🟢 🍌 🍌 🐱 🟢 🍌 🍌 🐱 🟢 🍌 ❓;🐱 | 🟢 | 🔴 | 🍌;🍌;Encontre o pedacinho que se repete.;O padrão que se repete é 🐱 🟢 🍌 🍌. Depois vem 🍌.;EF01MA09
SEQ-125;sequencias;3;multipla;Qual figura vem a seguir?;🔴 🔵 🟡 🟡 🔴 🔵 🟡 🟡 🔴 ❓;🟢 | 🟡 | 🔴 | 🔵;🔵;Encontre o pedacinho que se repete.;O padrão que se repete é 🔴 🔵 🟡 🟡. Depois vem 🔵.;EF01MA09
SEQ-126;sequencias;3;multipla;Qual figura vem a seguir?;🐱 ⭐ 🐶 🐶 🐱 ⭐ 🐶 🐶 ❓;⭐ | 🐱 | 🐶 | 🔴;🐱;Encontre o pedacinho que se repete.;O padrão que se repete é 🐱 ⭐ 🐶 🐶. Depois vem 🐱.;EF01MA09
SEQ-127;sequencias;3;multipla;Qual figura vem a seguir?;🔴 ⭐ 🍎 🍎 🔴 ⭐ 🍎 🍎 🔴 ⭐ ❓;🔵 | 🍎 | 🔴 | ⭐;🍎;Encontre o pedacinho que se repete.;O padrão que se repete é 🔴 ⭐ 🍎 🍎. Depois vem 🍎.;EF01MA09
SEQ-128;sequencias;3;multipla;Qual figura vem a seguir?;🟢 🌙 🐶 🐶 🟢 🌙 🐶 🐶 ❓;🟢 | 🔴 | 🌙 | 🐶;🟢;Encontre o pedacinho que se repete.;O padrão que se repete é 🟢 🌙 🐶 🐶. Depois vem 🟢.;EF01MA09
SEQ-129;sequencias;3;multipla;Qual figura vem a seguir?;🍌 🐶 🍌 🔴 🍌 🐶 🍌 🔴 🍌 🐶 ❓;🔵 | 🍌 | 🐶 | 🔴;🍌;Encontre o pedacinho que se repete.;O padrão que se repete é 🍌 🐶 🍌 🔴. Depois vem 🍌.;EF01MA09
SEQ-130;sequencias;3;multipla;Qual figura vem a seguir?;🟢 🐱 🟢 🟦 🟢 🐱 🟢 🟦 ❓;🔴 | 🐱 | 🟢 | 🟦;🟢;Encontre o pedacinho que se repete.;O padrão que se repete é 🟢 🐱 🟢 🟦. Depois vem 🟢.;EF01MA09
SEQ-131;sequencias;3;multipla;Qual figura vem a seguir?;⭐ 🟦 ⭐ 🔵 ⭐ 🟦 ⭐ 🔵 ⭐ ❓;🔵 | 🔴 | ⭐ | 🟦;🟦;Encontre o pedacinho que se repete.;O padrão que se repete é ⭐ 🟦 ⭐ 🔵. Depois vem 🟦.;EF01MA09
SEQ-132;sequencias;3;multipla;Qual figura vem a seguir?;🍎 🌙 🍎 🟢 🍎 🌙 🍎 🟢 🍎 🌙 🍎 ❓;🔴 | 🍎 | 🌙 | 🟢;🟢;Encontre o pedacinho que se repete.;O padrão que se repete é 🍎 🌙 🍎 🟢. Depois vem 🟢.;EF01MA09
SEQ-133;sequencias;3;multipla;Qual figura vem a seguir?;⭐ 🐱 ⭐ 🔺 ⭐ 🐱 ⭐ 🔺 ⭐ 🐱 ⭐ ❓;🔴 | 🔺 | 🐱 | ⭐;🔺;Encontre o pedacinho que se repete.;O padrão que se repete é ⭐ 🐱 ⭐ 🔺. Depois vem 🔺.;EF01MA09
SEQ-134;sequencias;3;multipla;Qual figura vem a seguir?;🔴 ⭐ 🔴 🔵 🔴 ⭐ 🔴 🔵 🔴 ⭐ ❓;🔵 | ⭐ | 🔴 | 🟡;🔴;Encontre o pedacinho que se repete.;O padrão que se repete é 🔴 ⭐ 🔴 🔵. Depois vem 🔴.;EF01MA09
SEQ-135;sequencias;2;ordenar;Toque nos números em ordem CRESCENTE (do menor para o maior).;;18 | 9 | 27 | 33;9 → 18 → 27 → 33;Ache primeiro o menor.;A ordem certa é 9, 18, 27, 33.;EF01MA09
SEQ-136;sequencias;3;ordenar;Toque nos números em ordem DECRESCENTE (do maior para o menor).;;25 | 45 | 31 | 14 | 50;50 → 45 → 31 → 25 → 14;Ache primeiro o maior.;A ordem certa é 50, 45, 31, 25, 14.;EF01MA09
SEQ-137;sequencias;3;ordenar;Toque nos números em ordem CRESCENTE (do menor para o maior).;;42 | 74 | 16 | 97 | 44;16 → 42 → 44 → 74 → 97;Ache primeiro o menor.;A ordem certa é 16, 42, 44, 74, 97.;EF01MA09
SEQ-138;sequencias;3;ordenar;Toque nos números em ordem CRESCENTE (do menor para o maior).;;4 | 22 | 11 | 29 | 28;4 → 11 → 22 → 28 → 29;Ache primeiro o menor.;A ordem certa é 4, 11, 22, 28, 29.;EF01MA09
SEQ-139;sequencias;1;ordenar;Toque nos números em ordem DECRESCENTE (do maior para o menor).;;9 | 12 | 20 | 10;20 → 12 → 10 → 9;Ache primeiro o maior.;A ordem certa é 20, 12, 10, 9.;EF01MA09
SEQ-140;sequencias;3;ordenar;Toque nos números em ordem CRESCENTE (do menor para o maior).;;13 | 69 | 9 | 56 | 38;9 → 13 → 38 → 56 → 69;Ache primeiro o menor.;A ordem certa é 9, 13, 38, 56, 69.;EF01MA09
SEQ-141;sequencias;2;ordenar;Toque nos números em ordem CRESCENTE (do menor para o maior).;;15 | 1 | 52 | 36;1 → 15 → 36 → 52;Ache primeiro o menor.;A ordem certa é 1, 15, 36, 52.;EF01MA09
SEQ-142;sequencias;2;ordenar;Toque nos números em ordem CRESCENTE (do menor para o maior).;;14 | 11 | 38 | 45;11 → 14 → 38 → 45;Ache primeiro o menor.;A ordem certa é 11, 14, 38, 45.;EF01MA09
SEQ-143;sequencias;2;ordenar;Toque nos números em ordem DECRESCENTE (do maior para o menor).;;17 | 25 | 22 | 41;41 → 25 → 22 → 17;Ache primeiro o maior.;A ordem certa é 41, 25, 22, 17.;EF01MA09
SEQ-144;sequencias;3;ordenar;Toque nos números em ordem DECRESCENTE (do maior para o menor).;;1 | 43 | 2 | 49 | 20;49 → 43 → 20 → 2 → 1;Ache primeiro o maior.;A ordem certa é 49, 43, 20, 2, 1.;EF01MA09
SEQ-145;sequencias;1;ordenar;Toque nos números em ordem CRESCENTE (do menor para o maior).;;4 | 7 | 20 | 10;4 → 7 → 10 → 20;Ache primeiro o menor.;A ordem certa é 4, 7, 10, 20.;EF01MA09
SEQ-146;sequencias;2;ordenar;Toque nos números em ordem CRESCENTE (do menor para o maior).;;10 | 41 | 23 | 55;10 → 23 → 41 → 55;Ache primeiro o menor.;A ordem certa é 10, 23, 41, 55.;EF01MA09
SEQ-147;sequencias;3;ordenar;Toque nos números em ordem CRESCENTE (do menor para o maior).;;67 | 31 | 84 | 20 | 50;20 → 31 → 50 → 67 → 84;Ache primeiro o menor.;A ordem certa é 20, 31, 50, 67, 84.;EF01MA09
SEQ-148;sequencias;2;ordenar;Toque nos números em ordem CRESCENTE (do menor para o maior).;;13 | 46 | 51 | 47;13 → 46 → 47 → 51;Ache primeiro o menor.;A ordem certa é 13, 46, 47, 51.;EF01MA09
SEQ-149;sequencias;3;ordenar;Toque nos números em ordem DECRESCENTE (do maior para o menor).;;82 | 51 | 96 | 40 | 70;96 → 82 → 70 → 51 → 40;Ache primeiro o maior.;A ordem certa é 96, 82, 70, 51, 40.;EF01MA09
SEQ-150;sequencias;1;ordenar;Toque nos números em ordem DECRESCENTE (do maior para o menor).;;16 | 13 | 3 | 8;16 → 13 → 8 → 3;Ache primeiro o maior.;A ordem certa é 16, 13, 8, 3.;EF01MA09
SEQ-151;sequencias;2;ordenar;Toque nos números em ordem DECRESCENTE (do maior para o menor).;;2 | 32 | 55 | 29;55 → 32 → 29 → 2;Ache primeiro o maior.;A ordem certa é 55, 32, 29, 2.;EF01MA09
SEQ-152;sequencias;2;ordenar;Toque nos números em ordem CRESCENTE (do menor para o maior).;;8 | 43 | 25 | 23;8 → 23 → 25 → 43;Ache primeiro o menor.;A ordem certa é 8, 23, 25, 43.;EF01MA09
SEQ-153;sequencias;2;ordenar;Toque nos números em ordem CRESCENTE (do menor para o maior).;;33 | 23 | 18 | 31;18 → 23 → 31 → 33;Ache primeiro o menor.;A ordem certa é 18, 23, 31, 33.;EF01MA09
SEQ-154;sequencias;3;ordenar;Toque nos números em ordem CRESCENTE (do menor para o maior).;;83 | 64 | 57 | 49 | 99;49 → 57 → 64 → 83 → 99;Ache primeiro o menor.;A ordem certa é 49, 57, 64, 83, 99.;EF01MA09
SEQ-155;sequencias;2;ordenar;Toque nos números em ordem CRESCENTE (do menor para o maior).;;33 | 36 | 8 | 2;2 → 8 → 33 → 36;Ache primeiro o menor.;A ordem certa é 2, 8, 33, 36.;EF01MA09
SEQ-156;sequencias;2;ordenar;Toque nos números em ordem DECRESCENTE (do maior para o menor).;;37 | 51 | 15 | 23;51 → 37 → 23 → 15;Ache primeiro o maior.;A ordem certa é 51, 37, 23, 15.;EF01MA09
SEQ-157;sequencias;3;ordenar;Toque nas contas da que dá o MENOR resultado até a que dá o MAIOR.;;2 + 9 | 5 + 7 | 5 + 5 | 4 + 4;4 + 4 → 5 + 5 → 2 + 9 → 5 + 7;Resolva cada conta antes.;Resultados: 4 + 4 = 8, 5 + 5 = 10, 2 + 9 = 11, 5 + 7 = 12.;EF01MA09
SEQ-158;sequencias;3;ordenar;Toque nas contas da que dá o MENOR resultado até a que dá o MAIOR.;;3 + 10 | 5 + 4 | 1 + 4 | 1 + 5;1 + 4 → 1 + 5 → 5 + 4 → 3 + 10;Resolva cada conta antes.;Resultados: 1 + 4 = 5, 1 + 5 = 6, 5 + 4 = 9, 3 + 10 = 13.;EF01MA09
SEQ-159;sequencias;3;ordenar;Toque nas contas da que dá o MENOR resultado até a que dá o MAIOR.;;10 + 5 | 2 + 8 | 8 + 3 | 1 + 8;1 + 8 → 2 + 8 → 8 + 3 → 10 + 5;Resolva cada conta antes.;Resultados: 1 + 8 = 9, 2 + 8 = 10, 8 + 3 = 11, 10 + 5 = 15.;EF01MA09
SEQ-160;sequencias;3;ordenar;Toque nas contas da que dá o MENOR resultado até a que dá o MAIOR.;;2 + 1 | 2 + 4 | 7 + 3 | 8 + 1;2 + 1 → 2 + 4 → 8 + 1 → 7 + 3;Resolva cada conta antes.;Resultados: 2 + 1 = 3, 2 + 4 = 6, 8 + 1 = 9, 7 + 3 = 10.;EF01MA09
SEQ-161;sequencias;3;ordenar;Toque nas contas da que dá o MENOR resultado até a que dá o MAIOR.;;4 + 1 | 5 + 7 | 2 + 9 | 7 + 7;4 + 1 → 2 + 9 → 5 + 7 → 7 + 7;Resolva cada conta antes.;Resultados: 4 + 1 = 5, 2 + 9 = 11, 5 + 7 = 12, 7 + 7 = 14.;EF01MA09
SEQ-162;sequencias;3;ordenar;Toque nas contas da que dá o MENOR resultado até a que dá o MAIOR.;;10 + 5 | 2 + 6 | 6 + 4 | 7 + 4;2 + 6 → 6 + 4 → 7 + 4 → 10 + 5;Resolva cada conta antes.;Resultados: 2 + 6 = 8, 6 + 4 = 10, 7 + 4 = 11, 10 + 5 = 15.;EF01MA09
SEQ-163;sequencias;3;ordenar;Toque nas contas da que dá o MENOR resultado até a que dá o MAIOR.;;6 + 5 | 10 + 3 | 7 + 5 | 1 + 9;1 + 9 → 6 + 5 → 7 + 5 → 10 + 3;Resolva cada conta antes.;Resultados: 1 + 9 = 10, 6 + 5 = 11, 7 + 5 = 12, 10 + 3 = 13.;EF01MA09
SEQ-164;sequencias;3;ordenar;Toque nas contas da que dá o MENOR resultado até a que dá o MAIOR.;;9 + 7 | 3 + 2 | 6 + 5 | 8 + 5;3 + 2 → 6 + 5 → 8 + 5 → 9 + 7;Resolva cada conta antes.;Resultados: 3 + 2 = 5, 6 + 5 = 11, 8 + 5 = 13, 9 + 7 = 16.;EF01MA09
PAR-001;parimpar;2;multipla;O número 51 é par ou ímpar?;;Par | Ímpar;Ímpar;Olhe só a unidade: 0, 2, 4, 6, 8 são pares.;51 termina em 1, então é ímpar.;EF01MA06
PAR-002;parimpar;2;multipla;O número 20 é par ou ímpar?;;Par | Ímpar;Par;Olhe só a unidade: 0, 2, 4, 6, 8 são pares.;20 termina em 0, então é par. Dá para formar duplinhas sem sobrar ninguém!;EF01MA06
PAR-003;parimpar;1;multipla;O número 19 é par ou ímpar?;;Par | Ímpar;Ímpar;Olhe só a unidade: 0, 2, 4, 6, 8 são pares.;19 termina em 9, então é ímpar.;EF01MA06
PAR-004;parimpar;1;multipla;O número 15 é par ou ímpar?;;Par | Ímpar;Ímpar;Olhe só a unidade: 0, 2, 4, 6, 8 são pares.;15 termina em 5, então é ímpar.;EF01MA06
PAR-005;parimpar;1;multipla;O número 5 é par ou ímpar?;;Par | Ímpar;Ímpar;Olhe só a unidade: 0, 2, 4, 6, 8 são pares.;5 termina em 5, então é ímpar.;EF01MA06
PAR-006;parimpar;2;multipla;O número 21 é par ou ímpar?;;Par | Ímpar;Ímpar;Olhe só a unidade: 0, 2, 4, 6, 8 são pares.;21 termina em 1, então é ímpar.;EF01MA06
PAR-007;parimpar;1;multipla;O número 17 é par ou ímpar?;;Par | Ímpar;Ímpar;Olhe só a unidade: 0, 2, 4, 6, 8 são pares.;17 termina em 7, então é ímpar.;EF01MA06
PAR-008;parimpar;2;multipla;O número 78 é par ou ímpar?;;Par | Ímpar;Par;Olhe só a unidade: 0, 2, 4, 6, 8 são pares.;78 termina em 8, então é par.;EF01MA06
PAR-009;parimpar;2;multipla;O número 66 é par ou ímpar?;;Par | Ímpar;Par;Olhe só a unidade: 0, 2, 4, 6, 8 são pares.;66 termina em 6, então é par.;EF01MA06
PAR-010;parimpar;2;multipla;O número 44 é par ou ímpar?;;Par | Ímpar;Par;Olhe só a unidade: 0, 2, 4, 6, 8 são pares.;44 termina em 4, então é par.;EF01MA06
PAR-011;parimpar;2;multipla;O número 69 é par ou ímpar?;;Par | Ímpar;Ímpar;Olhe só a unidade: 0, 2, 4, 6, 8 são pares.;69 termina em 9, então é ímpar.;EF01MA06
PAR-012;parimpar;2;multipla;O número 70 é par ou ímpar?;;Par | Ímpar;Par;Olhe só a unidade: 0, 2, 4, 6, 8 são pares.;70 termina em 0, então é par.;EF01MA06
PAR-013;parimpar;2;multipla;O número 68 é par ou ímpar?;;Par | Ímpar;Par;Olhe só a unidade: 0, 2, 4, 6, 8 são pares.;68 termina em 8, então é par.;EF01MA06
PAR-014;parimpar;2;multipla;O número 74 é par ou ímpar?;;Par | Ímpar;Par;Olhe só a unidade: 0, 2, 4, 6, 8 são pares.;74 termina em 4, então é par.;EF01MA06
PAR-015;parimpar;2;multipla;O número 45 é par ou ímpar?;;Par | Ímpar;Ímpar;Olhe só a unidade: 0, 2, 4, 6, 8 são pares.;45 termina em 5, então é ímpar.;EF01MA06
PAR-016;parimpar;1;multipla;O número 12 é par ou ímpar?;;Par | Ímpar;Par;Olhe só a unidade: 0, 2, 4, 6, 8 são pares.;12 termina em 2, então é par. Dá para formar duplinhas sem sobrar ninguém!;EF01MA06
PAR-017;parimpar;1;multipla;O número 4 é par ou ímpar?;;Par | Ímpar;Par;Olhe só a unidade: 0, 2, 4, 6, 8 são pares.;4 termina em 4, então é par. Dá para formar duplinhas sem sobrar ninguém!;EF01MA06
PAR-018;parimpar;2;multipla;O número 67 é par ou ímpar?;;Par | Ímpar;Ímpar;Olhe só a unidade: 0, 2, 4, 6, 8 são pares.;67 termina em 7, então é ímpar.;EF01MA06
PAR-019;parimpar;2;multipla;O número 89 é par ou ímpar?;;Par | Ímpar;Ímpar;Olhe só a unidade: 0, 2, 4, 6, 8 são pares.;89 termina em 9, então é ímpar.;EF01MA06
PAR-020;parimpar;1;multipla;O número 18 é par ou ímpar?;;Par | Ímpar;Par;Olhe só a unidade: 0, 2, 4, 6, 8 são pares.;18 termina em 8, então é par. Dá para formar duplinhas sem sobrar ninguém!;EF01MA06
PAR-021;parimpar;2;multipla;O número 71 é par ou ímpar?;;Par | Ímpar;Ímpar;Olhe só a unidade: 0, 2, 4, 6, 8 são pares.;71 termina em 1, então é ímpar.;EF01MA06
PAR-022;parimpar;2;multipla;O número 32 é par ou ímpar?;;Par | Ímpar;Par;Olhe só a unidade: 0, 2, 4, 6, 8 são pares.;32 termina em 2, então é par.;EF01MA06
PAR-023;parimpar;2;multipla;O número 98 é par ou ímpar?;;Par | Ímpar;Par;Olhe só a unidade: 0, 2, 4, 6, 8 são pares.;98 termina em 8, então é par.;EF01MA06
PAR-024;parimpar;2;multipla;O número 41 é par ou ímpar?;;Par | Ímpar;Ímpar;Olhe só a unidade: 0, 2, 4, 6, 8 são pares.;41 termina em 1, então é ímpar.;EF01MA06
PAR-025;parimpar;2;multipla;O número 86 é par ou ímpar?;;Par | Ímpar;Par;Olhe só a unidade: 0, 2, 4, 6, 8 são pares.;86 termina em 6, então é par.;EF01MA06
PAR-026;parimpar;2;multipla;O número 33 é par ou ímpar?;;Par | Ímpar;Ímpar;Olhe só a unidade: 0, 2, 4, 6, 8 são pares.;33 termina em 3, então é ímpar.;EF01MA06
PAR-027;parimpar;2;multipla;O número 88 é par ou ímpar?;;Par | Ímpar;Par;Olhe só a unidade: 0, 2, 4, 6, 8 são pares.;88 termina em 8, então é par.;EF01MA06
PAR-028;parimpar;2;multipla;O número 31 é par ou ímpar?;;Par | Ímpar;Ímpar;Olhe só a unidade: 0, 2, 4, 6, 8 são pares.;31 termina em 1, então é ímpar.;EF01MA06
PAR-029;parimpar;2;multipla;O número 76 é par ou ímpar?;;Par | Ímpar;Par;Olhe só a unidade: 0, 2, 4, 6, 8 são pares.;76 termina em 6, então é par.;EF01MA06
PAR-030;parimpar;2;multipla;O número 38 é par ou ímpar?;;Par | Ímpar;Par;Olhe só a unidade: 0, 2, 4, 6, 8 são pares.;38 termina em 8, então é par.;EF01MA06
PAR-031;parimpar;1;numero;Qual é o DOBRO de 1?;;;2;Dobro é o número somado com ele mesmo.;1 + 1 = 2.;EF01MA06
PAR-032;parimpar;1;numero;Qual é o DOBRO de 2?;;;4;Dobro é o número somado com ele mesmo.;2 + 2 = 4.;EF01MA06
PAR-033;parimpar;1;numero;Qual é o DOBRO de 3?;;;6;Dobro é o número somado com ele mesmo.;3 + 3 = 6.;EF01MA06
PAR-034;parimpar;1;numero;Qual é o DOBRO de 4?;;;8;Dobro é o número somado com ele mesmo.;4 + 4 = 8.;EF01MA06
PAR-035;parimpar;1;numero;Qual é o DOBRO de 5?;;;10;Dobro é o número somado com ele mesmo.;5 + 5 = 10.;EF01MA06
PAR-036;parimpar;2;numero;Qual é o DOBRO de 6?;;;12;Dobro é o número somado com ele mesmo.;6 + 6 = 12.;EF01MA06
PAR-037;parimpar;2;numero;Qual é o DOBRO de 7?;;;14;Dobro é o número somado com ele mesmo.;7 + 7 = 14.;EF01MA06
PAR-038;parimpar;2;numero;Qual é o DOBRO de 8?;;;16;Dobro é o número somado com ele mesmo.;8 + 8 = 16.;EF01MA06
PAR-039;parimpar;2;numero;Qual é o DOBRO de 9?;;;18;Dobro é o número somado com ele mesmo.;9 + 9 = 18.;EF01MA06
PAR-040;parimpar;2;numero;Qual é o DOBRO de 10?;;;20;Dobro é o número somado com ele mesmo.;10 + 10 = 20.;EF01MA06
PAR-041;parimpar;2;numero;Qual é o DOBRO de 11?;;;22;Dobro é o número somado com ele mesmo.;11 + 11 = 22.;EF01MA06
PAR-042;parimpar;2;numero;Qual é o DOBRO de 12?;;;24;Dobro é o número somado com ele mesmo.;12 + 12 = 24.;EF01MA06
PAR-043;parimpar;3;numero;Qual é o DOBRO de 13?;;;26;Dobro é o número somado com ele mesmo.;13 + 13 = 26.;EF01MA06
PAR-044;parimpar;3;numero;Qual é o DOBRO de 14?;;;28;Dobro é o número somado com ele mesmo.;14 + 14 = 28.;EF01MA06
PAR-045;parimpar;3;numero;Qual é o DOBRO de 15?;;;30;Dobro é o número somado com ele mesmo.;15 + 15 = 30.;EF01MA06
PAR-046;parimpar;3;numero;Qual é o DOBRO de 16?;;;32;Dobro é o número somado com ele mesmo.;16 + 16 = 32.;EF01MA06
PAR-047;parimpar;3;numero;Qual é o DOBRO de 17?;;;34;Dobro é o número somado com ele mesmo.;17 + 17 = 34.;EF01MA06
PAR-048;parimpar;3;numero;Qual é o DOBRO de 18?;;;36;Dobro é o número somado com ele mesmo.;18 + 18 = 36.;EF01MA06
PAR-049;parimpar;3;numero;Qual é o DOBRO de 19?;;;38;Dobro é o número somado com ele mesmo.;19 + 19 = 38.;EF01MA06
PAR-050;parimpar;3;numero;Qual é o DOBRO de 20?;;;40;Dobro é o número somado com ele mesmo.;20 + 20 = 40.;EF01MA06
PAR-051;parimpar;3;numero;Qual é o DOBRO de 21?;;;42;Dobro é o número somado com ele mesmo.;21 + 21 = 42.;EF01MA06
PAR-052;parimpar;3;numero;Qual é o DOBRO de 22?;;;44;Dobro é o número somado com ele mesmo.;22 + 22 = 44.;EF01MA06
PAR-053;parimpar;3;numero;Qual é o DOBRO de 23?;;;46;Dobro é o número somado com ele mesmo.;23 + 23 = 46.;EF01MA06
PAR-054;parimpar;3;numero;Qual é o DOBRO de 24?;;;48;Dobro é o número somado com ele mesmo.;24 + 24 = 48.;EF01MA06
PAR-055;parimpar;3;numero;Qual é o DOBRO de 25?;;;50;Dobro é o número somado com ele mesmo.;25 + 25 = 50.;EF01MA06
PAR-056;parimpar;1;numero;Qual é a METADE de 2?;;;1;Que número somado com ele mesmo dá esse?;1 + 1 = 2, então a metade de 2 é 1.;EF01MA06
PAR-057;parimpar;1;numero;Qual é a METADE de 4?;;;2;Que número somado com ele mesmo dá esse?;2 + 2 = 4, então a metade de 4 é 2.;EF01MA06
PAR-058;parimpar;1;numero;Qual é a METADE de 6?;;;3;Que número somado com ele mesmo dá esse?;3 + 3 = 6, então a metade de 6 é 3.;EF01MA06
PAR-059;parimpar;1;numero;Qual é a METADE de 8?;;;4;Que número somado com ele mesmo dá esse?;4 + 4 = 8, então a metade de 8 é 4.;EF01MA06
PAR-060;parimpar;1;numero;Qual é a METADE de 10?;;;5;Que número somado com ele mesmo dá esse?;5 + 5 = 10, então a metade de 10 é 5.;EF01MA06
PAR-061;parimpar;2;numero;Qual é a METADE de 12?;;;6;Que número somado com ele mesmo dá esse?;6 + 6 = 12, então a metade de 12 é 6.;EF01MA06
PAR-062;parimpar;2;numero;Qual é a METADE de 14?;;;7;Que número somado com ele mesmo dá esse?;7 + 7 = 14, então a metade de 14 é 7.;EF01MA06
PAR-063;parimpar;2;numero;Qual é a METADE de 16?;;;8;Que número somado com ele mesmo dá esse?;8 + 8 = 16, então a metade de 16 é 8.;EF01MA06
PAR-064;parimpar;2;numero;Qual é a METADE de 18?;;;9;Que número somado com ele mesmo dá esse?;9 + 9 = 18, então a metade de 18 é 9.;EF01MA06
PAR-065;parimpar;2;numero;Qual é a METADE de 20?;;;10;Que número somado com ele mesmo dá esse?;10 + 10 = 20, então a metade de 20 é 10.;EF01MA06
PAR-066;parimpar;3;numero;Qual é a METADE de 22?;;;11;Que número somado com ele mesmo dá esse?;11 + 11 = 22, então a metade de 22 é 11.;EF01MA06
PAR-067;parimpar;3;numero;Qual é a METADE de 24?;;;12;Que número somado com ele mesmo dá esse?;12 + 12 = 24, então a metade de 24 é 12.;EF01MA06
PAR-068;parimpar;3;numero;Qual é a METADE de 26?;;;13;Que número somado com ele mesmo dá esse?;13 + 13 = 26, então a metade de 26 é 13.;EF01MA06
PAR-069;parimpar;3;numero;Qual é a METADE de 28?;;;14;Que número somado com ele mesmo dá esse?;14 + 14 = 28, então a metade de 28 é 14.;EF01MA06
PAR-070;parimpar;3;numero;Qual é a METADE de 30?;;;15;Que número somado com ele mesmo dá esse?;15 + 15 = 30, então a metade de 30 é 15.;EF01MA06
PAR-071;parimpar;3;numero;Qual é a METADE de 32?;;;16;Que número somado com ele mesmo dá esse?;16 + 16 = 32, então a metade de 32 é 16.;EF01MA06
PAR-072;parimpar;3;numero;Qual é a METADE de 34?;;;17;Que número somado com ele mesmo dá esse?;17 + 17 = 34, então a metade de 34 é 17.;EF01MA06
PAR-073;parimpar;3;numero;Qual é a METADE de 36?;;;18;Que número somado com ele mesmo dá esse?;18 + 18 = 36, então a metade de 36 é 18.;EF01MA06
PAR-074;parimpar;3;numero;Qual é a METADE de 38?;;;19;Que número somado com ele mesmo dá esse?;19 + 19 = 38, então a metade de 38 é 19.;EF01MA06
PAR-075;parimpar;3;numero;Qual é a METADE de 40?;;;20;Que número somado com ele mesmo dá esse?;20 + 20 = 40, então a metade de 40 é 20.;EF01MA06
PAR-076;parimpar;2;numero;Quantos números pares existem de 1 até 10?;;;5;Liste: 2, 4...;2, 4, 6, 8, 10: são 5 números pares.;EF01MA06
PAR-077;parimpar;2;numero;Quantos números ímpares existem de 1 até 10?;;;5;Liste: 1, 3...;1, 3, 5, 7, 9: são 5 números ímpares.;EF01MA06
PAR-078;parimpar;3;numero;Qual é o maior número par menor que 30?;;;28;Volte de 30 para trás.;"29 é ímpar; 28 é par.";EF01MA06
PAR-079;parimpar;3;numero;Qual é o menor número ímpar maior que 40?;;;41;Conte para frente a partir de 40.;41 é ímpar.;EF01MA06
PAR-080;parimpar;3;numero;Qual é o dobro do dobro de 3?;;;12;Primeiro o dobro de 3, depois o dobro desse resultado.;"Dobro de 3 = 6; dobro de 6 = 12.";EF01MA06
PAR-081;parimpar;3;numero;Qual é a metade da metade de 20?;;;5;Primeiro a metade de 20, depois a metade do resultado.;"Metade de 20 = 10; metade de 10 = 5.";EF01MA06
PAR-082;parimpar;2;numero;Quantos sapatos há em 6 pares de sapatos?;;;12;Um par são 2.;6 pares = 6 + 6 = 12 sapatos.;EF01MA06
PAR-083;parimpar;2;numero;Quantas meias há em 4 pares de meias?;;;8;Um par são 2.;4 pares = 2 + 2 + 2 + 2 = 8 meias.;EF01MA06
PAR-084;parimpar;3;numero;Ana tem 9 anos. O irmão tem o dobro da idade dela. Quantos anos tem o irmão?;;;18;Dobro é somar duas vezes.;9 + 9 = 18 anos.;EF01MA06
PAR-085;parimpar;3;numero;Um bolo tinha 16 pedaços. Metade foi comida no almoço. Quantos pedaços sobraram?;;;8;Divida 16 em duas partes iguais.;8 + 8 = 16, então sobraram 8.;EF01MA06
PAR-086;parimpar;3;numero;Rafael tinha 18 flores e deu metade para a irmã. Com quantas flores ficou?;;;9;Metade é dividir em duas partes iguais.;Metade de 18 é 9.;EF01MA06
PAR-087;parimpar;3;numero;Miguel tinha 5 livros. Ganhou mais o dobro disso. Com quantos livros ficou?;;;15;"Primeiro descubra o dobro; depois some com o que já tinha.";Dobro de 5 = 10. 5 + 10 = 15.;EF01MA06
PAR-088;parimpar;3;numero;Helena tinha 8 adesivos e deu metade para a irmã. Com quantos adesivos ficou?;;;4;Metade é dividir em duas partes iguais.;Metade de 8 é 4.;EF01MA06
PAR-089;parimpar;3;numero;Maria tinha 18 pirulitos e deu metade para a irmã. Com quantos pirulitos ficou?;;;9;Metade é dividir em duas partes iguais.;Metade de 18 é 9.;EF01MA06
PAR-090;parimpar;3;numero;Samuel tinha 5 biscoitos. Ganhou mais o dobro disso. Com quantos biscoitos ficou?;;;15;"Primeiro descubra o dobro; depois some com o que já tinha.";Dobro de 5 = 10. 5 + 10 = 15.;EF01MA06
PAR-091;parimpar;3;numero;Lucas tinha 11 lápis. Ganhou mais o dobro disso. Com quantos lápis ficou?;;;33;"Primeiro descubra o dobro; depois some com o que já tinha.";Dobro de 11 = 22. 11 + 22 = 33.;EF01MA06
PAR-092;parimpar;3;numero;Cecília tinha 12 chicletes e deu metade para a irmã. Com quantos chicletes ficou?;;;6;Metade é dividir em duas partes iguais.;Metade de 12 é 6.;EF01MA06
PAR-093;parimpar;3;numero;Lívia tinha 4 bolinhas de gude. Ganhou mais o dobro disso. Com quantas bolinhas de gude ficou?;;;12;"Primeiro descubra o dobro; depois some com o que já tinha.";Dobro de 4 = 8. 4 + 8 = 12.;EF01MA06
PAR-094;parimpar;3;numero;Cecília tinha 5 flores. Ganhou mais o dobro disso. Com quantas flores ficou?;;;15;"Primeiro descubra o dobro; depois some com o que já tinha.";Dobro de 5 = 10. 5 + 10 = 15.;EF01MA06
PAR-095;parimpar;3;numero;Gabriel tinha 6 adesivos. Ganhou mais o dobro disso. Com quantos adesivos ficou?;;;18;"Primeiro descubra o dobro; depois some com o que já tinha.";Dobro de 6 = 12. 6 + 12 = 18.;EF01MA06
PAR-096;parimpar;3;multipla;O resultado de 9 + 12 é par ou ímpar?;;Par | Ímpar;Ímpar;Faça a conta e olhe a unidade.;9 + 12 = 21, que é ímpar.;EF01MA06
PAR-097;parimpar;3;multipla;O resultado de 12 + 21 é par ou ímpar?;;Par | Ímpar;Ímpar;Faça a conta e olhe a unidade.;12 + 21 = 33, que é ímpar.;EF01MA06
PAR-098;parimpar;3;multipla;O resultado de 28 + 14 é par ou ímpar?;;Par | Ímpar;Par;Faça a conta e olhe a unidade.;28 + 14 = 42, que é par.;EF01MA06
PAR-099;parimpar;3;multipla;O resultado de 6 + 1 é par ou ímpar?;;Par | Ímpar;Ímpar;Faça a conta e olhe a unidade.;6 + 1 = 7, que é ímpar.;EF01MA06
PAR-100;parimpar;3;multipla;O resultado de 25 + 25 é par ou ímpar?;;Par | Ímpar;Par;Faça a conta e olhe a unidade.;25 + 25 = 50, que é par.;EF01MA06
PAR-101;parimpar;3;multipla;O resultado de 15 + 30 é par ou ímpar?;;Par | Ímpar;Ímpar;Faça a conta e olhe a unidade.;15 + 30 = 45, que é ímpar.;EF01MA06
PAR-102;parimpar;3;multipla;O resultado de 7 + 28 é par ou ímpar?;;Par | Ímpar;Ímpar;Faça a conta e olhe a unidade.;7 + 28 = 35, que é ímpar.;EF01MA06
PAR-103;parimpar;3;multipla;O resultado de 7 + 15 é par ou ímpar?;;Par | Ímpar;Par;Faça a conta e olhe a unidade.;7 + 15 = 22, que é par.;EF01MA06
PAR-104;parimpar;3;multipla;O resultado de 9 + 11 é par ou ímpar?;;Par | Ímpar;Par;Faça a conta e olhe a unidade.;9 + 11 = 20, que é par.;EF01MA06
PAR-105;parimpar;3;multipla;O resultado de 27 + 20 é par ou ímpar?;;Par | Ímpar;Ímpar;Faça a conta e olhe a unidade.;27 + 20 = 47, que é ímpar.;EF01MA06
GEO-001;geometria;1;numero;Quantos lados tem um triângulo?;;;3;Desenhe a figura no papel e conte os lados.;O triângulo tem 3 lados.;EF01MA14
GEO-002;geometria;1;numero;Quantos cantos (vértices) tem um triângulo?;;;3;Os cantos são as pontinhas.;O triângulo tem 3 cantos — o mesmo número de lados!;EF01MA14
GEO-003;geometria;1;numero;Quantos lados tem um quadrado?;;;4;Desenhe a figura no papel e conte os lados.;O quadrado tem 4 lados.;EF01MA14
GEO-004;geometria;1;numero;Quantos cantos (vértices) tem um quadrado?;;;4;Os cantos são as pontinhas.;O quadrado tem 4 cantos — o mesmo número de lados!;EF01MA14
GEO-005;geometria;1;numero;Quantos lados tem um retângulo?;;;4;Desenhe a figura no papel e conte os lados.;O retângulo tem 4 lados.;EF01MA14
GEO-006;geometria;1;numero;Quantos cantos (vértices) tem um retângulo?;;;4;Os cantos são as pontinhas.;O retângulo tem 4 cantos — o mesmo número de lados!;EF01MA14
GEO-007;geometria;2;numero;Quantos lados tem um pentágono?;;;5;Desenhe a figura no papel e conte os lados.;O pentágono tem 5 lados.;EF01MA14
GEO-008;geometria;2;numero;Quantos cantos (vértices) tem um pentágono?;;;5;Os cantos são as pontinhas.;O pentágono tem 5 cantos — o mesmo número de lados!;EF01MA14
GEO-009;geometria;2;numero;Quantos lados tem um hexágono?;;;6;Desenhe a figura no papel e conte os lados.;O hexágono tem 6 lados.;EF01MA14
GEO-010;geometria;2;numero;Quantos cantos (vértices) tem um hexágono?;;;6;Os cantos são as pontinhas.;O hexágono tem 6 cantos — o mesmo número de lados!;EF01MA14
GEO-011;geometria;2;numero;Quantos lados retos tem um círculo?;;;0;O círculo é todo redondinho.;O círculo não tem lados retos nem cantos: 0.;EF01MA14
GEO-012;geometria;2;multipla;Qual figura tem 4 lados todos do mesmo tamanho?;;triângulo | quadrado | círculo | retângulo;quadrado;Os lados são iguaizinhos.;O quadrado tem 4 lados iguais. O retângulo tem 4 lados, mas 2 compridos e 2 curtos.;EF01MA14
GEO-013;geometria;2;multipla;Qual figura não tem nenhum canto?;;retângulo | círculo | triângulo | quadrado;círculo;Pense em uma roda.;O círculo é redondo: não tem cantos.;EF01MA14
GEO-014;geometria;1;multipla;Qual figura tem 3 lados?;;retângulo | triângulo | círculo | quadrado;triângulo;Conte os lados de cada uma.;O triângulo tem 3 lados.;EF01MA14
GEO-015;geometria;1;multipla;Qual figura tem 4 lados?;;círculo | triângulo | quadrado | pentágono;quadrado;Conte os lados de cada uma.;O quadrado tem 4 lados.;EF01MA14
GEO-016;geometria;1;multipla;Qual figura tem 5 lados?;;quadrado | pentágono | círculo | triângulo;pentágono;Conte os lados de cada uma.;O pentágono tem 5 lados.;EF01MA14
GEO-017;geometria;1;multipla;Qual figura tem 6 lados?;;hexágono | quadrado | triângulo | círculo;hexágono;Conte os lados de cada uma.;O hexágono tem 6 lados.;EF01MA14
GEO-018;geometria;3;numero;Quantos lados há ao todo em 3 retângulos e 2 quadrados?;;;20;Descubra quantos lados tem cada figura e some tudo.;"3 × 4 = 12 e 2 × 4 = 8; 12 + 8 = 20.";EF01MA14
GEO-019;geometria;3;numero;Quantos lados há ao todo em 1 quadrado e 1 pentágono?;;;9;Descubra quantos lados tem cada figura e some tudo.;"1 × 4 = 4 e 1 × 5 = 5; 4 + 5 = 9.";EF01MA14
GEO-020;geometria;3;numero;Quantos lados há ao todo em 2 hexágonos e 2 quadrados?;;;20;Descubra quantos lados tem cada figura e some tudo.;"2 × 6 = 12 e 2 × 4 = 8; 12 + 8 = 20.";EF01MA14
GEO-021;geometria;3;numero;Quantos lados há ao todo em 1 quadrado e 1 triângulo?;;;7;Descubra quantos lados tem cada figura e some tudo.;"1 × 4 = 4 e 1 × 3 = 3; 4 + 3 = 7.";EF01MA14
GEO-022;geometria;3;numero;Quantos lados há ao todo em 3 hexágonos e 1 quadrado?;;;22;Descubra quantos lados tem cada figura e some tudo.;"3 × 6 = 18 e 1 × 4 = 4; 18 + 4 = 22.";EF01MA14
GEO-023;geometria;3;numero;Quantos lados há ao todo em 3 triângulos e 2 quadrados?;;;17;Descubra quantos lados tem cada figura e some tudo.;"3 × 3 = 9 e 2 × 4 = 8; 9 + 8 = 17.";EF01MA14
GEO-024;geometria;3;numero;Quantos lados há ao todo em 2 hexágonos e 2 triângulos?;;;18;Descubra quantos lados tem cada figura e some tudo.;"2 × 6 = 12 e 2 × 3 = 6; 12 + 6 = 18.";EF01MA14
GEO-025;geometria;3;numero;Quantos lados há ao todo em 1 pentágono e 2 retângulos?;;;13;Descubra quantos lados tem cada figura e some tudo.;"1 × 5 = 5 e 2 × 4 = 8; 5 + 8 = 13.";EF01MA14
GEO-026;geometria;3;numero;Quantos lados há ao todo em 3 pentágonos e 2 hexágonos?;;;27;Descubra quantos lados tem cada figura e some tudo.;"3 × 5 = 15 e 2 × 6 = 12; 15 + 12 = 27.";EF01MA14
GEO-027;geometria;3;numero;Quantos lados há ao todo em 1 hexágono e 1 pentágono?;;;11;Descubra quantos lados tem cada figura e some tudo.;"1 × 6 = 6 e 1 × 5 = 5; 6 + 5 = 11.";EF01MA14
GEO-028;geometria;3;numero;Quantos lados há ao todo em 1 pentágono e 1 triângulo?;;;8;Descubra quantos lados tem cada figura e some tudo.;"1 × 5 = 5 e 1 × 3 = 3; 5 + 3 = 8.";EF01MA14
GEO-029;geometria;3;numero;Quantos lados há ao todo em 1 triângulo e 2 pentágonos?;;;13;Descubra quantos lados tem cada figura e some tudo.;"1 × 3 = 3 e 2 × 5 = 10; 3 + 10 = 13.";EF01MA14
GEO-030;geometria;3;numero;Quantos lados há ao todo em 3 hexágonos e 2 retângulos?;;;26;Descubra quantos lados tem cada figura e some tudo.;"3 × 6 = 18 e 2 × 4 = 8; 18 + 8 = 26.";EF01MA14
GEO-031;geometria;3;numero;Quantos lados há ao todo em 2 hexágonos e 1 quadrado?;;;16;Descubra quantos lados tem cada figura e some tudo.;"2 × 6 = 12 e 1 × 4 = 4; 12 + 4 = 16.";EF01MA14
GEO-032;geometria;3;numero;Quantos lados há ao todo em 3 retângulos e 2 triângulos?;;;18;Descubra quantos lados tem cada figura e some tudo.;"3 × 4 = 12 e 2 × 3 = 6; 12 + 6 = 18.";EF01MA14
GEO-033;geometria;3;numero;Quantos lados há ao todo em 1 quadrado e 2 retângulos?;;;12;Descubra quantos lados tem cada figura e some tudo.;"1 × 4 = 4 e 2 × 4 = 8; 4 + 8 = 12.";EF01MA14
GEO-034;geometria;3;numero;Quantos lados há ao todo em 2 quadrados e 2 pentágonos?;;;18;Descubra quantos lados tem cada figura e some tudo.;"2 × 4 = 8 e 2 × 5 = 10; 8 + 10 = 18.";EF01MA14
GEO-035;geometria;3;numero;Quantos lados há ao todo em 3 retângulos e 1 quadrado?;;;16;Descubra quantos lados tem cada figura e some tudo.;"3 × 4 = 12 e 1 × 4 = 4; 12 + 4 = 16.";EF01MA14
GEO-036;geometria;3;numero;Quantos lados há ao todo em 3 triângulos e 1 retângulo?;;;13;Descubra quantos lados tem cada figura e some tudo.;"3 × 3 = 9 e 1 × 4 = 4; 9 + 4 = 13.";EF01MA14
GEO-037;geometria;3;numero;Quantos lados há ao todo em 1 triângulo e 1 quadrado?;;;7;Descubra quantos lados tem cada figura e some tudo.;"1 × 3 = 3 e 1 × 4 = 4; 3 + 4 = 7.";EF01MA14
GEO-038;geometria;3;numero;Quantos lados há ao todo em 2 pentágonos e 1 quadrado?;;;14;Descubra quantos lados tem cada figura e some tudo.;"2 × 5 = 10 e 1 × 4 = 4; 10 + 4 = 14.";EF01MA14
GEO-039;geometria;3;numero;Quantos lados há ao todo em 3 quadrados e 2 pentágonos?;;;22;Descubra quantos lados tem cada figura e some tudo.;"3 × 4 = 12 e 2 × 5 = 10; 12 + 10 = 22.";EF01MA14
GEO-040;geometria;2;multipla;Uma bola de futebol parece com qual forma?;;esfera | cilindro | cubo | pirâmide;esfera;Imagine o objeto na sua mão.;Uma bola de futebol tem forma de esfera.;EF01MA13
GEO-041;geometria;2;multipla;Um dado parece com qual forma?;;cubo | bloco retangular | pirâmide | cone;cubo;Imagine o objeto na sua mão.;Um dado tem forma de cubo.;EF01MA13
GEO-042;geometria;2;multipla;Uma lata de refrigerante parece com qual forma?;;cubo | cilindro | cone | esfera;cilindro;Imagine o objeto na sua mão.;Uma lata de refrigerante tem forma de cilindro.;EF01MA13
GEO-043;geometria;2;multipla;Um chapéu de aniversário parece com qual forma?;;pirâmide | cone | cilindro | cubo;cone;Imagine o objeto na sua mão.;Um chapéu de aniversário tem forma de cone.;EF01MA13
GEO-044;geometria;2;multipla;Uma caixa de sapato parece com qual forma?;;cone | bloco retangular | cubo | pirâmide;bloco retangular;Imagine o objeto na sua mão.;Uma caixa de sapato tem forma de bloco retangular.;EF01MA13
GEO-045;geometria;2;multipla;Uma laranja parece com qual forma?;;pirâmide | esfera | cone | cilindro;esfera;Imagine o objeto na sua mão.;Uma laranja tem forma de esfera.;EF01MA13
GEO-046;geometria;2;multipla;Um cubo mágico parece com qual forma?;;bloco retangular | cilindro | cubo | pirâmide;cubo;Imagine o objeto na sua mão.;Um cubo mágico tem forma de cubo.;EF01MA13
GEO-047;geometria;2;multipla;Um rolo de papel parece com qual forma?;;cone | cubo | esfera | cilindro;cilindro;Imagine o objeto na sua mão.;Um rolo de papel tem forma de cilindro.;EF01MA13
GEO-048;geometria;2;multipla;Uma casquinha de sorvete parece com qual forma?;;cilindro | esfera | cone | bloco retangular;cone;Imagine o objeto na sua mão.;Uma casquinha de sorvete tem forma de cone.;EF01MA13
GEO-049;geometria;2;multipla;Um tijolo parece com qual forma?;;esfera | bloco retangular | cilindro | cone;bloco retangular;Imagine o objeto na sua mão.;Um tijolo tem forma de bloco retangular.;EF01MA13
GEO-050;geometria;2;multipla;Uma bolinha de gude parece com qual forma?;;pirâmide | bloco retangular | cilindro | esfera;esfera;Imagine o objeto na sua mão.;Uma bolinha de gude tem forma de esfera.;EF01MA13
GEO-051;geometria;2;multipla;Uma caixa de leite parece com qual forma?;;cilindro | bloco retangular | cone | esfera;bloco retangular;Imagine o objeto na sua mão.;Uma caixa de leite tem forma de bloco retangular.;EF01MA13
GEO-052;geometria;2;numero;Quantas faces (lados quadrados) tem um dado?;;;6;Os números do dado vão de 1 a...;O dado é um cubo: tem 6 faces.;EF01MA13
GEO-053;geometria;3;numero;Juntando 2 triângulos iguais, posso formar um quadrado. Quantos lados tinham os 2 triângulos juntos, antes de juntar?;;;6;Cada triângulo tem 3 lados.;3 + 3 = 6 lados.;EF01MA13
GEO-054;geometria;2;numero;Quantos cantos há em 2 quadrados?;;;8;Cada quadrado tem 4 cantos.;4 + 4 = 8 cantos.;EF01MA13
GEO-055;geometria;3;numero;Uma mesa quadrada tem uma cadeira em cada lado. Quantas cadeiras há?;;;4;Quantos lados tem o quadrado?;O quadrado tem 4 lados: 4 cadeiras.;EF01MA13
GEO-056;geometria;3;numero;Uma mesa hexagonal tem 2 cadeiras em cada lado. Quantas cadeiras há?;;;12;O hexágono tem 6 lados.;6 lados × 2 cadeiras = 12 cadeiras.;EF01MA13
GEO-057;geometria;3;numero;Uma pirâmide de base quadrada tem quantas faces? (a base + os triângulos);;;5;1 quadrado embaixo + 4 triângulos.;1 + 4 = 5 faces.;EF01MA13
GEO-058;geometria;2;multipla;Na fila 🐶 🐱 🐰, quem está no MEIO?;;🐰 | 🐱 | 🐶;🐱;A direita é a mão que muitos usam para escrever. Comece a contar pela esquerda.;A resposta é 🐱.;EF01MA11
GEO-059;geometria;2;multipla;Na fila 🍎 🍌 🍇 🍓, quem está logo à DIREITA da 🍌?;;🍎 | 🍓 | 🍇;🍇;A direita é a mão que muitos usam para escrever. Comece a contar pela esquerda.;A resposta é 🍇.;EF01MA11
GEO-060;geometria;2;multipla;Na fila 🍎 🍌 🍇 🍓, quem está logo à ESQUERDA da 🍇?;;🍓 | 🍌 | 🍎;🍌;A direita é a mão que muitos usam para escrever. Comece a contar pela esquerda.;A resposta é 🍌.;EF01MA11
GEO-061;geometria;2;multipla;Na fila ⭐ 🌙 ☀️ ☁️ ⚡, quem é o 4º?;;⚡ | ☀️ | 🌙 | ☁️;☁️;A direita é a mão que muitos usam para escrever. Comece a contar pela esquerda.;A resposta é ☁️.;EF01MA11
GEO-062;geometria;2;multipla;Na fila 🚗 🚌 🚲 🚂 ✈️, quem é o último?;;🚲 | 🚂 | 🚗 | ✈️;✈️;A direita é a mão que muitos usam para escrever. Comece a contar pela esquerda.;A resposta é ✈️.;EF01MA11
GEO-063;geometria;2;multipla;Na fila 🐸 🐢 🐍 🦎 🐊, quem é o 2º contando da DIREITA?;;🐢 | 🐊 | 🐍 | 🦎;🦎;A direita é a mão que muitos usam para escrever. Comece a contar pela esquerda.;A resposta é 🦎.;EF01MA11
GEO-064;geometria;2;multipla;Na fila 🔴 🟠 🟡 🟢 🔵 🟣, quem está entre o 🟡 e o 🔵?;;🟢 | 🔴 | 🟣 | 🟠;🟢;A direita é a mão que muitos usam para escrever. Comece a contar pela esquerda.;A resposta é 🟢.;EF01MA11
GEO-065;geometria;2;multipla;Na fila 🍰 🍩 🍪 🍫 🍬, quantos doces estão à direita do 🍪?;;3 | 1 | 2 | 4;2;A direita é a mão que muitos usam para escrever. Comece a contar pela esquerda.;A resposta é 2.;EF01MA11
GEO-066;geometria;2;multipla;Na fila 🦁 🐼 🐯 🐱 🐮 🐻, qual animal é o 6º (contando da esquerda)?;;🐮 | 🐯 | 🐼 | 🐻;🐻;Aponte e conte: 1º, 2º, 3º...;Contando da esquerda, o 6º é 🐻.;EF01MA11
GEO-067;geometria;2;multipla;Na fila 🐼 🐻 🦊 🐮 🐱 🐰, qual animal é o 4º (contando da esquerda)?;;🦊 | 🐮 | 🐼 | 🐻;🐮;Aponte e conte: 1º, 2º, 3º...;Contando da esquerda, o 4º é 🐮.;EF01MA11
GEO-068;geometria;2;multipla;Na fila 🐻 🐨 🐮 🦁 🐱 🦊, qual animal é o 5º (contando da esquerda)?;;🐨 | 🐮 | 🐻 | 🐱;🐱;Aponte e conte: 1º, 2º, 3º...;Contando da esquerda, o 5º é 🐱.;EF01MA11
GEO-069;geometria;2;multipla;Na fila 🐻 🐯 🐰 🦊 🐨 🐮, qual animal é o 4º (contando da esquerda)?;;🦊 | 🐻 | 🐯 | 🐮;🦊;Aponte e conte: 1º, 2º, 3º...;Contando da esquerda, o 4º é 🦊.;EF01MA11
GEO-070;geometria;2;multipla;Na fila 🐮 🐼 🐱 🦁 🐨 🐻, qual animal é o 3º (contando da esquerda)?;;🐻 | 🐱 | 🦁 | 🐮;🐱;Aponte e conte: 1º, 2º, 3º...;Contando da esquerda, o 3º é 🐱.;EF01MA11
GEO-071;geometria;2;multipla;Na fila 🦊 🦁 🐯 🐱 🐼 🐨, qual animal é o 4º (contando da esquerda)?;;🐼 | 🦁 | 🐱 | 🐯;🐱;Aponte e conte: 1º, 2º, 3º...;Contando da esquerda, o 4º é 🐱.;EF01MA11
GEO-072;geometria;2;multipla;Na fila 🐼 🐮 🐶 🐱 🐨 🦁, qual animal é o 6º (contando da esquerda)?;;🦁 | 🐱 | 🐨 | 🐶;🦁;Aponte e conte: 1º, 2º, 3º...;Contando da esquerda, o 6º é 🦁.;EF01MA11
GEO-073;geometria;2;multipla;Na fila 🐨 🐼 🐮 🐯 🐰 🦁, qual animal é o 4º (contando da esquerda)?;;🐯 | 🐨 | 🐰 | 🐼;🐯;Aponte e conte: 1º, 2º, 3º...;Contando da esquerda, o 4º é 🐯.;EF01MA11
GEO-074;geometria;2;multipla;Na fila 🐰 🐱 🐯 🐻 🐼 🦊, qual animal é o 2º (contando da esquerda)?;;🐰 | 🐯 | 🐼 | 🐱;🐱;Aponte e conte: 1º, 2º, 3º...;Contando da esquerda, o 2º é 🐱.;EF01MA11
GEO-075;geometria;2;multipla;Na fila 🦊 🐼 🐱 🐮 🐨 🦁, qual animal é o 6º (contando da esquerda)?;;🐱 | 🦁 | 🐮 | 🐼;🦁;Aponte e conte: 1º, 2º, 3º...;Contando da esquerda, o 6º é 🦁.;EF01MA11
MED-001;medidas;1;multipla;Que horas o relógio está marcando?;[relógio 1:00];1 e meia | 2 horas | 12 horas | 1 hora;1 hora;O ponteiro PEQUENO mostra a hora. O GRANDE mostra os minutos.;O ponteiro grande está no 12 (hora exata) e o pequeno no 1: 1 hora.;EF01MA16
MED-002;medidas;2;multipla;Que horas o relógio está marcando?;[relógio 1:30];1 e meia | 12 e meia | 1 hora | 2 e meia;1 e meia;O ponteiro PEQUENO mostra a hora. O GRANDE mostra os minutos.;O ponteiro grande está no 6 (meia hora) e o pequeno entre o 1 e o 2: 1 e meia.;EF01MA16
MED-003;medidas;1;multipla;Que horas o relógio está marcando?;[relógio 2:00];3 horas | 2 horas | 2 e meia | 1 hora;2 horas;O ponteiro PEQUENO mostra a hora. O GRANDE mostra os minutos.;O ponteiro grande está no 12 (hora exata) e o pequeno no 2: 2 horas.;EF01MA16
MED-004;medidas;2;multipla;Que horas o relógio está marcando?;[relógio 2:30];3 e meia | 1 e meia | 2 horas | 2 e meia;2 e meia;O ponteiro PEQUENO mostra a hora. O GRANDE mostra os minutos.;O ponteiro grande está no 6 (meia hora) e o pequeno entre o 2 e o 3: 2 e meia.;EF01MA16
MED-005;medidas;1;multipla;Que horas o relógio está marcando?;[relógio 3:00];4 horas | 2 horas | 3 e meia | 3 horas;3 horas;O ponteiro PEQUENO mostra a hora. O GRANDE mostra os minutos.;O ponteiro grande está no 12 (hora exata) e o pequeno no 3: 3 horas.;EF01MA16
MED-006;medidas;2;multipla;Que horas o relógio está marcando?;[relógio 3:30];4 e meia | 3 e meia | 3 horas | 2 e meia;3 e meia;O ponteiro PEQUENO mostra a hora. O GRANDE mostra os minutos.;O ponteiro grande está no 6 (meia hora) e o pequeno entre o 3 e o 4: 3 e meia.;EF01MA16
MED-007;medidas;1;multipla;Que horas o relógio está marcando?;[relógio 4:00];3 horas | 5 horas | 4 e meia | 4 horas;4 horas;O ponteiro PEQUENO mostra a hora. O GRANDE mostra os minutos.;O ponteiro grande está no 12 (hora exata) e o pequeno no 4: 4 horas.;EF01MA16
MED-008;medidas;2;multipla;Que horas o relógio está marcando?;[relógio 4:30];3 e meia | 4 horas | 4 e meia | 5 e meia;4 e meia;O ponteiro PEQUENO mostra a hora. O GRANDE mostra os minutos.;O ponteiro grande está no 6 (meia hora) e o pequeno entre o 4 e o 5: 4 e meia.;EF01MA16
MED-009;medidas;1;multipla;Que horas o relógio está marcando?;[relógio 5:00];5 e meia | 4 horas | 5 horas | 6 horas;5 horas;O ponteiro PEQUENO mostra a hora. O GRANDE mostra os minutos.;O ponteiro grande está no 12 (hora exata) e o pequeno no 5: 5 horas.;EF01MA16
MED-010;medidas;2;multipla;Que horas o relógio está marcando?;[relógio 5:30];5 horas | 6 e meia | 5 e meia | 4 e meia;5 e meia;O ponteiro PEQUENO mostra a hora. O GRANDE mostra os minutos.;O ponteiro grande está no 6 (meia hora) e o pequeno entre o 5 e o 6: 5 e meia.;EF01MA16
MED-011;medidas;1;multipla;Que horas o relógio está marcando?;[relógio 6:00];6 horas | 6 e meia | 7 horas | 5 horas;6 horas;O ponteiro PEQUENO mostra a hora. O GRANDE mostra os minutos.;O ponteiro grande está no 12 (hora exata) e o pequeno no 6: 6 horas.;EF01MA16
MED-012;medidas;2;multipla;Que horas o relógio está marcando?;[relógio 6:30];7 e meia | 6 horas | 5 e meia | 6 e meia;6 e meia;O ponteiro PEQUENO mostra a hora. O GRANDE mostra os minutos.;O ponteiro grande está no 6 (meia hora) e o pequeno entre o 6 e o 7: 6 e meia.;EF01MA16
MED-013;medidas;1;multipla;Que horas o relógio está marcando?;[relógio 7:00];7 e meia | 7 horas | 8 horas | 6 horas;7 horas;O ponteiro PEQUENO mostra a hora. O GRANDE mostra os minutos.;O ponteiro grande está no 12 (hora exata) e o pequeno no 7: 7 horas.;EF01MA16
MED-014;medidas;2;multipla;Que horas o relógio está marcando?;[relógio 7:30];7 horas | 6 e meia | 7 e meia | 8 e meia;7 e meia;O ponteiro PEQUENO mostra a hora. O GRANDE mostra os minutos.;O ponteiro grande está no 6 (meia hora) e o pequeno entre o 7 e o 8: 7 e meia.;EF01MA16
MED-015;medidas;1;multipla;Que horas o relógio está marcando?;[relógio 8:00];7 horas | 8 horas | 9 horas | 8 e meia;8 horas;O ponteiro PEQUENO mostra a hora. O GRANDE mostra os minutos.;O ponteiro grande está no 12 (hora exata) e o pequeno no 8: 8 horas.;EF01MA16
MED-016;medidas;2;multipla;Que horas o relógio está marcando?;[relógio 8:30];8 e meia | 7 e meia | 8 horas | 9 e meia;8 e meia;O ponteiro PEQUENO mostra a hora. O GRANDE mostra os minutos.;O ponteiro grande está no 6 (meia hora) e o pequeno entre o 8 e o 9: 8 e meia.;EF01MA16
MED-017;medidas;1;multipla;Que horas o relógio está marcando?;[relógio 9:00];8 horas | 9 e meia | 9 horas | 10 horas;9 horas;O ponteiro PEQUENO mostra a hora. O GRANDE mostra os minutos.;O ponteiro grande está no 12 (hora exata) e o pequeno no 9: 9 horas.;EF01MA16
MED-018;medidas;2;multipla;Que horas o relógio está marcando?;[relógio 9:30];10 e meia | 9 horas | 8 e meia | 9 e meia;9 e meia;O ponteiro PEQUENO mostra a hora. O GRANDE mostra os minutos.;O ponteiro grande está no 6 (meia hora) e o pequeno entre o 9 e o 10: 9 e meia.;EF01MA16
MED-019;medidas;1;multipla;Que horas o relógio está marcando?;[relógio 10:00];10 horas | 10 e meia | 9 horas | 11 horas;10 horas;O ponteiro PEQUENO mostra a hora. O GRANDE mostra os minutos.;O ponteiro grande está no 12 (hora exata) e o pequeno no 10: 10 horas.;EF01MA16
MED-020;medidas;2;multipla;Que horas o relógio está marcando?;[relógio 10:30];9 e meia | 11 e meia | 10 horas | 10 e meia;10 e meia;O ponteiro PEQUENO mostra a hora. O GRANDE mostra os minutos.;O ponteiro grande está no 6 (meia hora) e o pequeno entre o 10 e o 11: 10 e meia.;EF01MA16
MED-021;medidas;1;multipla;Que horas o relógio está marcando?;[relógio 11:00];10 horas | 12 horas | 11 horas | 11 e meia;11 horas;O ponteiro PEQUENO mostra a hora. O GRANDE mostra os minutos.;O ponteiro grande está no 12 (hora exata) e o pequeno no 11: 11 horas.;EF01MA16
MED-022;medidas;2;multipla;Que horas o relógio está marcando?;[relógio 11:30];10 e meia | 12 e meia | 11 e meia | 11 horas;11 e meia;O ponteiro PEQUENO mostra a hora. O GRANDE mostra os minutos.;O ponteiro grande está no 6 (meia hora) e o pequeno entre o 11 e o 12: 11 e meia.;EF01MA16
MED-023;medidas;1;multipla;Que horas o relógio está marcando?;[relógio 12:00];1 hora | 12 e meia | 12 horas | 11 horas;12 horas;O ponteiro PEQUENO mostra a hora. O GRANDE mostra os minutos.;O ponteiro grande está no 12 (hora exata) e o pequeno no 12: 12 horas.;EF01MA16
MED-024;medidas;2;multipla;Que horas o relógio está marcando?;[relógio 12:30];11 e meia | 12 e meia | 1 e meia | 12 horas;12 e meia;O ponteiro PEQUENO mostra a hora. O GRANDE mostra os minutos.;O ponteiro grande está no 6 (meia hora) e o pequeno entre o 12 e o 1: 12 e meia.;EF01MA16
MED-025;medidas;2;numero;Agora são 4 horas. Que horas serão daqui a 3 horas? (só o número);;;7;Conte para frente no relógio.;4 + 3 = 7: serão 7 horas.;EF01MA16
MED-026;medidas;2;numero;Agora são 8 horas. Que horas serão daqui a 1 hora? (só o número);;;9;Conte para frente no relógio.;8 + 1 = 9: serão 9 horas.;EF01MA16
MED-027;medidas;2;numero;Agora são 4 horas. Que horas serão daqui a 1 hora? (só o número);;;5;Conte para frente no relógio.;4 + 1 = 5: serão 5 horas.;EF01MA16
MED-028;medidas;2;numero;Agora são 3 horas. Que horas serão daqui a 1 hora? (só o número);;;4;Conte para frente no relógio.;3 + 1 = 4: serão 4 horas.;EF01MA16
MED-029;medidas;2;numero;Agora são 7 horas. Que horas serão daqui a 1 hora? (só o número);;;8;Conte para frente no relógio.;7 + 1 = 8: serão 8 horas.;EF01MA16
MED-030;medidas;2;numero;Agora são 2 horas. Que horas serão daqui a 1 hora? (só o número);;;3;Conte para frente no relógio.;2 + 1 = 3: serão 3 horas.;EF01MA16
MED-031;medidas;2;numero;Agora são 5 horas. Que horas serão daqui a 1 hora? (só o número);;;6;Conte para frente no relógio.;5 + 1 = 6: serão 6 horas.;EF01MA16
MED-032;medidas;2;numero;Agora são 5 horas. Que horas serão daqui a 2 horas? (só o número);;;7;Conte para frente no relógio.;5 + 2 = 7: serão 7 horas.;EF01MA16
MED-033;medidas;2;numero;Agora são 8 horas. Que horas serão daqui a 2 horas? (só o número);;;10;Conte para frente no relógio.;8 + 2 = 10: serão 10 horas.;EF01MA16
MED-034;medidas;2;numero;Agora são 6 horas. Que horas serão daqui a 2 horas? (só o número);;;8;Conte para frente no relógio.;6 + 2 = 8: serão 8 horas.;EF01MA16
MED-035;medidas;2;numero;Agora são 9 horas. Que horas serão daqui a 3 horas? (só o número);;;12;Conte para frente no relógio.;9 + 3 = 12: serão 12 horas.;EF01MA16
MED-036;medidas;2;numero;Agora são 7 horas. Que horas serão daqui a 2 horas? (só o número);;;9;Conte para frente no relógio.;7 + 2 = 9: serão 9 horas.;EF01MA16
MED-037;medidas;2;numero;Agora são 8 horas. Que horas serão daqui a 3 horas? (só o número);;;11;Conte para frente no relógio.;8 + 3 = 11: serão 11 horas.;EF01MA16
MED-038;medidas;2;numero;Agora são 1 hora. Que horas serão daqui a 2 horas? (só o número);;;3;Conte para frente no relógio.;1 + 2 = 3: serão 3 horas.;EF01MA16
MED-039;medidas;3;numero;A festa começou às 4 horas e terminou às 8 horas. Quantas horas durou?;;;4;Conte de 4 até 8.;8 − 4 = 4 horas.;EF01MA16
MED-040;medidas;3;numero;A festa começou às 6 horas e terminou às 9 horas. Quantas horas durou?;;;3;Conte de 6 até 9.;9 − 6 = 3 horas.;EF01MA16
MED-041;medidas;3;numero;A festa começou às 1 horas e terminou às 10 horas. Quantas horas durou?;;;9;Conte de 1 até 10.;10 − 1 = 9 horas.;EF01MA16
MED-042;medidas;3;numero;A festa começou às 1 horas e terminou às 2 horas. Quantas horas durou?;;;1;Conte de 1 até 2.;2 − 1 = 1 horas.;EF01MA16
MED-043;medidas;3;numero;A festa começou às 2 horas e terminou às 7 horas. Quantas horas durou?;;;5;Conte de 2 até 7.;7 − 2 = 5 horas.;EF01MA16
MED-044;medidas;3;numero;A festa começou às 5 horas e terminou às 10 horas. Quantas horas durou?;;;5;Conte de 5 até 10.;10 − 5 = 5 horas.;EF01MA16
MED-045;medidas;3;numero;A festa começou às 6 horas e terminou às 8 horas. Quantas horas durou?;;;2;Conte de 6 até 8.;8 − 6 = 2 horas.;EF01MA16
MED-046;medidas;1;multipla;Que dia da semana vem logo depois de domingo?;;quarta-feira | segunda-feira | sábado | terça-feira;segunda-feira;Domingo, segunda, terça, quarta, quinta, sexta, sábado.;Depois de domingo vem segunda-feira.;EF01MA17
MED-047;medidas;2;multipla;Que dia da semana vem logo antes de domingo?;;terça-feira | segunda-feira | sábado | sexta-feira;sábado;Volte um dia.;Antes de domingo vem sábado.;EF01MA17
MED-048;medidas;3;multipla;Hoje é domingo. Que dia será daqui a 4 dias?;;sexta-feira | quarta-feira | quinta-feira;quinta-feira;Conte nos dedos um dia de cada vez.;Contando 4 dias depois de domingo, chegamos em quinta-feira.;EF01MA17
MED-049;medidas;3;multipla;Ontem foi sábado. Que dia será amanhã?;;sábado | segunda-feira | domingo | terça-feira;segunda-feira;Descubra primeiro que dia é hoje.;Se ontem foi sábado, hoje é domingo e amanhã será segunda-feira.;EF01MA17
MED-050;medidas;1;multipla;Que dia da semana vem logo depois de segunda-feira?;;quarta-feira | quinta-feira | domingo | terça-feira;terça-feira;Domingo, segunda, terça, quarta, quinta, sexta, sábado.;Depois de segunda-feira vem terça-feira.;EF01MA17
MED-051;medidas;2;multipla;Que dia da semana vem logo antes de segunda-feira?;;quarta-feira | terça-feira | domingo | sábado;domingo;Volte um dia.;Antes de segunda-feira vem domingo.;EF01MA17
MED-052;medidas;3;multipla;Hoje é segunda-feira. Que dia será daqui a 5 dias?;;sábado | domingo | sexta-feira | quarta-feira;sábado;Conte nos dedos um dia de cada vez.;Contando 5 dias depois de segunda-feira, chegamos em sábado.;EF01MA17
MED-053;medidas;3;multipla;Ontem foi domingo. Que dia será amanhã?;;quarta-feira | terça-feira | domingo | segunda-feira;terça-feira;Descubra primeiro que dia é hoje.;Se ontem foi domingo, hoje é segunda-feira e amanhã será terça-feira.;EF01MA17
MED-054;medidas;1;multipla;Que dia da semana vem logo depois de terça-feira?;;quinta-feira | quarta-feira | segunda-feira | sexta-feira;quarta-feira;Domingo, segunda, terça, quarta, quinta, sexta, sábado.;Depois de terça-feira vem quarta-feira.;EF01MA17
MED-055;medidas;2;multipla;Que dia da semana vem logo antes de terça-feira?;;domingo | quinta-feira | segunda-feira | quarta-feira;segunda-feira;Volte um dia.;Antes de terça-feira vem segunda-feira.;EF01MA17
MED-056;medidas;3;multipla;Hoje é terça-feira. Que dia será daqui a 5 dias?;;quinta-feira | domingo | segunda-feira | sábado;domingo;Conte nos dedos um dia de cada vez.;Contando 5 dias depois de terça-feira, chegamos em domingo.;EF01MA17
MED-057;medidas;3;multipla;Ontem foi segunda-feira. Que dia será amanhã?;;quarta-feira | quinta-feira | terça-feira | segunda-feira;quarta-feira;Descubra primeiro que dia é hoje.;Se ontem foi segunda-feira, hoje é terça-feira e amanhã será quarta-feira.;EF01MA17
MED-058;medidas;1;multipla;Que dia da semana vem logo depois de quarta-feira?;;sexta-feira | terça-feira | sábado | quinta-feira;quinta-feira;Domingo, segunda, terça, quarta, quinta, sexta, sábado.;Depois de quarta-feira vem quinta-feira.;EF01MA17
MED-059;medidas;2;multipla;Que dia da semana vem logo antes de quarta-feira?;;terça-feira | segunda-feira | sexta-feira | quinta-feira;terça-feira;Volte um dia.;Antes de quarta-feira vem terça-feira.;EF01MA17
MED-060;medidas;3;multipla;Hoje é quarta-feira. Que dia será daqui a 3 dias?;;sábado | domingo | sexta-feira;sábado;Conte nos dedos um dia de cada vez.;Contando 3 dias depois de quarta-feira, chegamos em sábado.;EF01MA17
MED-061;medidas;3;multipla;Ontem foi terça-feira. Que dia será amanhã?;;sexta-feira | quarta-feira | quinta-feira | terça-feira;quinta-feira;Descubra primeiro que dia é hoje.;Se ontem foi terça-feira, hoje é quarta-feira e amanhã será quinta-feira.;EF01MA17
MED-062;medidas;1;multipla;Que dia da semana vem logo depois de quinta-feira?;;quarta-feira | domingo | sexta-feira | sábado;sexta-feira;Domingo, segunda, terça, quarta, quinta, sexta, sábado.;Depois de quinta-feira vem sexta-feira.;EF01MA17
MED-063;medidas;2;multipla;Que dia da semana vem logo antes de quinta-feira?;;sábado | sexta-feira | quarta-feira | terça-feira;quarta-feira;Volte um dia.;Antes de quinta-feira vem quarta-feira.;EF01MA17
MED-064;medidas;3;multipla;Hoje é quinta-feira. Que dia será daqui a 5 dias?;;sábado | quarta-feira | terça-feira | segunda-feira;terça-feira;Conte nos dedos um dia de cada vez.;Contando 5 dias depois de quinta-feira, chegamos em terça-feira.;EF01MA17
MED-065;medidas;3;multipla;Ontem foi quarta-feira. Que dia será amanhã?;;sexta-feira | sábado | quarta-feira | quinta-feira;sexta-feira;Descubra primeiro que dia é hoje.;Se ontem foi quarta-feira, hoje é quinta-feira e amanhã será sexta-feira.;EF01MA17
MED-066;medidas;1;multipla;Que dia da semana vem logo depois de sexta-feira?;;quinta-feira | domingo | segunda-feira | sábado;sábado;Domingo, segunda, terça, quarta, quinta, sexta, sábado.;Depois de sexta-feira vem sábado.;EF01MA17
MED-067;medidas;2;multipla;Que dia da semana vem logo antes de sexta-feira?;;domingo | sábado | quinta-feira | quarta-feira;quinta-feira;Volte um dia.;Antes de sexta-feira vem quinta-feira.;EF01MA17
MED-068;medidas;3;multipla;Hoje é sexta-feira. Que dia será daqui a 2 dias?;;quarta-feira | sábado | domingo | segunda-feira;domingo;Conte nos dedos um dia de cada vez.;Contando 2 dias depois de sexta-feira, chegamos em domingo.;EF01MA17
MED-069;medidas;3;multipla;Ontem foi quinta-feira. Que dia será amanhã?;;quinta-feira | sábado | sexta-feira | domingo;sábado;Descubra primeiro que dia é hoje.;Se ontem foi quinta-feira, hoje é sexta-feira e amanhã será sábado.;EF01MA17
MED-070;medidas;1;multipla;Que dia da semana vem logo depois de sábado?;;terça-feira | segunda-feira | domingo | sexta-feira;domingo;Domingo, segunda, terça, quarta, quinta, sexta, sábado.;Depois de sábado vem domingo.;EF01MA17
MED-071;medidas;2;multipla;Que dia da semana vem logo antes de sábado?;;domingo | segunda-feira | quinta-feira | sexta-feira;sexta-feira;Volte um dia.;Antes de sábado vem sexta-feira.;EF01MA17
MED-072;medidas;3;multipla;Hoje é sábado. Que dia será daqui a 3 dias?;;quarta-feira | terça-feira | segunda-feira;terça-feira;Conte nos dedos um dia de cada vez.;Contando 3 dias depois de sábado, chegamos em terça-feira.;EF01MA17
MED-073;medidas;3;multipla;Ontem foi sexta-feira. Que dia será amanhã?;;sexta-feira | segunda-feira | sábado | domingo;domingo;Descubra primeiro que dia é hoje.;Se ontem foi sexta-feira, hoje é sábado e amanhã será domingo.;EF01MA17
MED-074;medidas;2;multipla;Que mês vem logo depois de janeiro?;;julho | fevereiro | março | dezembro;fevereiro;Janeiro, fevereiro, março, abril...;Depois de janeiro vem fevereiro.;EF01MA17
MED-075;medidas;2;multipla;Que mês vem logo depois de fevereiro?;;agosto | março | abril | janeiro;março;Janeiro, fevereiro, março, abril...;Depois de fevereiro vem março.;EF01MA17
MED-076;medidas;2;multipla;Que mês vem logo depois de março?;;maio | abril | fevereiro | setembro;abril;Janeiro, fevereiro, março, abril...;Depois de março vem abril.;EF01MA17
MED-077;medidas;2;multipla;Que mês vem logo depois de abril?;;junho | março | outubro | maio;maio;Janeiro, fevereiro, março, abril...;Depois de abril vem maio.;EF01MA17
MED-078;medidas;2;multipla;Que mês vem logo depois de maio?;;julho | junho | novembro | abril;junho;Janeiro, fevereiro, março, abril...;Depois de maio vem junho.;EF01MA17
MED-079;medidas;2;multipla;Que mês vem logo depois de junho?;;maio | dezembro | julho | agosto;julho;Janeiro, fevereiro, março, abril...;Depois de junho vem julho.;EF01MA17
MED-080;medidas;2;multipla;Que mês vem logo depois de julho?;;junho | janeiro | setembro | agosto;agosto;Janeiro, fevereiro, março, abril...;Depois de julho vem agosto.;EF01MA17
MED-081;medidas;2;multipla;Que mês vem logo depois de agosto?;;setembro | julho | outubro | fevereiro;setembro;Janeiro, fevereiro, março, abril...;Depois de agosto vem setembro.;EF01MA17
MED-082;medidas;2;multipla;Que mês vem logo depois de setembro?;;novembro | março | agosto | outubro;outubro;Janeiro, fevereiro, março, abril...;Depois de setembro vem outubro.;EF01MA17
MED-083;medidas;2;multipla;Que mês vem logo depois de outubro?;;dezembro | novembro | setembro | abril;novembro;Janeiro, fevereiro, março, abril...;Depois de outubro vem novembro.;EF01MA17
MED-084;medidas;2;multipla;Que mês vem logo depois de novembro?;;janeiro | maio | outubro | dezembro;dezembro;Janeiro, fevereiro, março, abril...;Depois de novembro vem dezembro.;EF01MA17
MED-085;medidas;2;multipla;Que mês vem logo depois de dezembro?;;janeiro | fevereiro | novembro | junho;janeiro;Janeiro, fevereiro, março, abril...;Depois de dezembro vem janeiro.;EF01MA17
MED-086;medidas;1;numero;Quantos dias tem uma semana?;;;7;Conte de domingo a sábado.;Domingo, segunda, terça, quarta, quinta, sexta e sábado: 7 dias.;EF01MA17
MED-087;medidas;1;numero;Quantos meses tem um ano?;;;12;De janeiro a dezembro.;Um ano tem 12 meses.;EF01MA17
MED-088;medidas;2;numero;Quantos dias têm 2 semanas?;;;14;Cada semana tem 7 dias.;7 + 7 = 14 dias.;EF01MA17
MED-089;medidas;3;numero;Quantos dias têm 3 semanas?;;;21;Some 7 três vezes.;7 + 7 + 7 = 21 dias.;EF01MA17
MED-090;medidas;2;numero;Quantos dias da semana começam com a letra S?;;;3;Leia os nomes com atenção.;Segunda, sexta e sábado: 3 dias.;EF01MA17
MED-091;medidas;2;numero;Quantos dias de aula há de segunda a sexta-feira?;;;5;Conte: segunda, terça...;Segunda, terça, quarta, quinta e sexta: 5 dias.;EF01MA17
MED-092;medidas;3;numero;Lucas faz aniversário em 20 de maio. Hoje é 12 de maio. Quantos dias faltam?;;;8;Conte de 12 até 20.;20 − 12 = 8 dias.;EF01MA17
MED-093;medidas;3;numero;Uma viagem começou dia 5 e voltou dia 9 do mesmo mês. Quantas noites a família dormiu fora?;;;4;Conte as noites: do 5 para o 6...;5→6, 6→7, 7→8, 8→9: 4 noites.;EF01MA17
MED-094;medidas;1;numero;Quantos minutos tem uma hora?;;;60;O ponteiro grande dá uma volta inteira.;Uma hora tem 60 minutos.;EF01MA17
MED-095;medidas;2;numero;Meia hora tem quantos minutos?;;;30;Metade de 60.;30 + 30 = 60, então meia hora tem 30 minutos.;EF01MA17
MED-096;medidas;2;multipla;Qual é o primeiro mês do ano?;;janeiro | dezembro | março | fevereiro;janeiro;O ano novo começa nele.;Janeiro é o 1º mês.;EF01MA17
MED-097;medidas;2;multipla;Qual é o último mês do ano?;;janeiro | outubro | novembro | dezembro;dezembro;É o mês do Natal.;Dezembro é o 12º mês.;EF01MA17
MED-098;medidas;2;numero;Tenho 1 nota de 5 reais e 1 nota de 5 reais. Quantos reais tenho ao todo?;;;10;Some o valor de cada nota e moeda.;5 + 5 = 10 reais.;EF01MA19
MED-099;medidas;3;numero;Tenho 1 nota de 10 reais, 1 nota de 2 reais e 1 moeda de 1 real. Quantos reais tenho ao todo?;;;13;Some o valor de cada nota e moeda.;10 + 2 + 1 = 13 reais.;EF01MA19
MED-100;medidas;3;numero;Tenho 1 nota de 5 reais, 1 nota de 2 reais e 1 nota de 2 reais. Quantos reais tenho ao todo?;;;9;Some o valor de cada nota e moeda.;5 + 2 + 2 = 9 reais.;EF01MA19
MED-101;medidas;2;numero;Tenho 1 nota de 20 reais e 1 nota de 10 reais. Quantos reais tenho ao todo?;;;30;Some o valor de cada nota e moeda.;20 + 10 = 30 reais.;EF01MA19
MED-102;medidas;3;numero;Tenho 1 nota de 10 reais, 1 nota de 10 reais e 1 moeda de 1 real. Quantos reais tenho ao todo?;;;21;Some o valor de cada nota e moeda.;10 + 10 + 1 = 21 reais.;EF01MA19
MED-103;medidas;2;numero;Tenho 1 nota de 20 reais e 1 moeda de 1 real. Quantos reais tenho ao todo?;;;21;Some o valor de cada nota e moeda.;20 + 1 = 21 reais.;EF01MA19
MED-104;medidas;3;numero;Tenho 1 nota de 20 reais, 1 nota de 10 reais e 1 nota de 5 reais. Quantos reais tenho ao todo?;;;35;Some o valor de cada nota e moeda.;20 + 10 + 5 = 35 reais.;EF01MA19
MED-105;medidas;3;numero;Tenho 1 nota de 2 reais, 1 moeda de 1 real e 1 moeda de 1 real. Quantos reais tenho ao todo?;;;4;Some o valor de cada nota e moeda.;2 + 1 + 1 = 4 reais.;EF01MA19
MED-106;medidas;2;numero;Tenho 1 nota de 20 reais e 1 nota de 2 reais. Quantos reais tenho ao todo?;;;22;Some o valor de cada nota e moeda.;20 + 2 = 22 reais.;EF01MA19
MED-107;medidas;3;numero;Tenho 1 nota de 10 reais, 1 moeda de 1 real e 1 moeda de 1 real. Quantos reais tenho ao todo?;;;12;Some o valor de cada nota e moeda.;10 + 1 + 1 = 12 reais.;EF01MA19
MED-108;medidas;2;numero;Tenho 1 nota de 5 reais e 1 nota de 2 reais. Quantos reais tenho ao todo?;;;7;Some o valor de cada nota e moeda.;5 + 2 = 7 reais.;EF01MA19
MED-109;medidas;3;numero;Tenho 1 nota de 20 reais, 1 nota de 10 reais e 1 moeda de 1 real. Quantos reais tenho ao todo?;;;31;Some o valor de cada nota e moeda.;20 + 10 + 1 = 31 reais.;EF01MA19
MED-110;medidas;3;numero;Tenho 1 nota de 20 reais, 1 nota de 20 reais e 1 moeda de 1 real. Quantos reais tenho ao todo?;;;41;Some o valor de cada nota e moeda.;20 + 20 + 1 = 41 reais.;EF01MA19
MED-111;medidas;2;numero;Tenho 1 nota de 10 reais e 1 nota de 5 reais. Quantos reais tenho ao todo?;;;15;Some o valor de cada nota e moeda.;10 + 5 = 15 reais.;EF01MA19
MED-112;medidas;2;numero;Tenho 1 nota de 2 reais e 1 nota de 2 reais. Quantos reais tenho ao todo?;;;4;Some o valor de cada nota e moeda.;2 + 2 = 4 reais.;EF01MA19
MED-113;medidas;2;numero;Tenho 1 nota de 10 reais e 1 nota de 2 reais. Quantos reais tenho ao todo?;;;12;Some o valor de cada nota e moeda.;10 + 2 = 12 reais.;EF01MA19
MED-114;medidas;3;numero;Tenho 1 nota de 5 reais, 1 moeda de 1 real e 1 moeda de 1 real. Quantos reais tenho ao todo?;;;7;Some o valor de cada nota e moeda.;5 + 1 + 1 = 7 reais.;EF01MA19
MED-115;medidas;2;numero;Um brinquedo custa 1 real. Paguei com uma nota de 10 reais. Quanto recebo de troco?;;;9;Conte do 1 até o 10.;10 − 1 = 9 reais de troco.;EF01MA19
MED-116;medidas;2;numero;Um brinquedo custa 3 reais. Paguei com uma nota de 5 reais. Quanto recebo de troco?;;;2;Conte do 3 até o 5.;5 − 3 = 2 reais de troco.;EF01MA19
MED-117;medidas;2;numero;Um brinquedo custa 4 reais. Paguei com uma nota de 10 reais. Quanto recebo de troco?;;;6;Conte do 4 até o 10.;10 − 4 = 6 reais de troco.;EF01MA19
MED-118;medidas;3;numero;Um brinquedo custa 14 reais. Paguei com uma nota de 20 reais. Quanto recebo de troco?;;;6;Conte do 14 até o 20.;20 − 14 = 6 reais de troco.;EF01MA19
MED-119;medidas;2;numero;Um brinquedo custa 5 reais. Paguei com uma nota de 10 reais. Quanto recebo de troco?;;;5;Conte do 5 até o 10.;10 − 5 = 5 reais de troco.;EF01MA19
MED-120;medidas;2;numero;Um brinquedo custa 4 reais. Paguei com uma nota de 5 reais. Quanto recebo de troco?;;;1;Conte do 4 até o 5.;5 − 4 = 1 reais de troco.;EF01MA19
MED-121;medidas;2;numero;Um brinquedo custa 1 real. Paguei com uma nota de 5 reais. Quanto recebo de troco?;;;4;Conte do 1 até o 5.;5 − 1 = 4 reais de troco.;EF01MA19
MED-122;medidas;3;numero;Um brinquedo custa 9 reais. Paguei com uma nota de 20 reais. Quanto recebo de troco?;;;11;Conte do 9 até o 20.;20 − 9 = 11 reais de troco.;EF01MA19
MED-123;medidas;3;numero;Um brinquedo custa 5 reais. Paguei com uma nota de 20 reais. Quanto recebo de troco?;;;15;Conte do 5 até o 20.;20 − 5 = 15 reais de troco.;EF01MA19
MED-124;medidas;3;numero;Um brinquedo custa 1 real. Paguei com uma nota de 20 reais. Quanto recebo de troco?;;;19;Conte do 1 até o 20.;20 − 1 = 19 reais de troco.;EF01MA19
MED-125;medidas;2;numero;Um brinquedo custa 6 reais. Paguei com uma nota de 10 reais. Quanto recebo de troco?;;;4;Conte do 6 até o 10.;10 − 6 = 4 reais de troco.;EF01MA19
MED-126;medidas;3;numero;Um brinquedo custa 11 reais. Paguei com uma nota de 20 reais. Quanto recebo de troco?;;;9;Conte do 11 até o 20.;20 − 11 = 9 reais de troco.;EF01MA19
MED-127;medidas;2;numero;Um brinquedo custa 3 reais. Paguei com uma nota de 10 reais. Quanto recebo de troco?;;;7;Conte do 3 até o 10.;10 − 3 = 7 reais de troco.;EF01MA19
MED-128;medidas;1;numero;Quantas moedas de 1 real valem o mesmo que uma nota de 2 reais?;;;2;Cada moeda vale 1.;2 moedas de 1 real = 2 reais.;EF01MA19
MED-129;medidas;1;numero;Quantas moedas de 1 real valem o mesmo que uma nota de 5 reais?;;;5;Cada moeda vale 1.;5 moedas de 1 real = 5 reais.;EF01MA19
MED-130;medidas;2;numero;Quantas moedas de 1 real valem o mesmo que uma nota de 10 reais?;;;10;Cada moeda vale 1.;10 moedas de 1 real = 10 reais.;EF01MA19
MED-131;medidas;2;numero;Quantas moedas de 1 real valem o mesmo que uma nota de 20 reais?;;;20;Cada moeda vale 1.;20 moedas de 1 real = 20 reais.;EF01MA19
MED-132;medidas;3;numero;Quantas notas de 5 reais valem o mesmo que uma nota de 10 reais?;;;2;Conte de 5 em 5 até chegar em 10.;5 + 5 = 10.;EF01MA19
MED-133;medidas;3;numero;Quantas notas de 2 reais valem o mesmo que uma nota de 10 reais?;;;5;Conte de 2 em 2 até chegar em 10.;2 + 2 + 2 + 2 + 2 = 10.;EF01MA19
MED-134;medidas;3;numero;Quantas notas de 10 reais valem o mesmo que uma nota de 20 reais?;;;2;Conte de 10 em 10 até chegar em 20.;10 + 10 = 20.;EF01MA19
MED-135;medidas;3;numero;Quantas notas de 5 reais valem o mesmo que uma nota de 20 reais?;;;4;Conte de 5 em 5 até chegar em 20.;5 + 5 + 5 + 5 = 20.;EF01MA19
MED-136;medidas;2;numero;Comprei um suco por 5 reais e um lanche por 9 reais. Quanto gastei?;;;14;Junte os dois preços.;5 + 9 = 14 reais.;EF01MA19
MED-137;medidas;2;numero;Comprei um suco por 6 reais e um lanche por 3 reais. Quanto gastei?;;;9;Junte os dois preços.;6 + 3 = 9 reais.;EF01MA19
MED-138;medidas;2;numero;Comprei um suco por 3 reais e um lanche por 2 reais. Quanto gastei?;;;5;Junte os dois preços.;3 + 2 = 5 reais.;EF01MA19
MED-139;medidas;2;numero;Comprei um suco por 4 reais e um lanche por 5 reais. Quanto gastei?;;;9;Junte os dois preços.;4 + 5 = 9 reais.;EF01MA19
MED-140;medidas;2;numero;Comprei um suco por 5 reais e um lanche por 4 reais. Quanto gastei?;;;9;Junte os dois preços.;5 + 4 = 9 reais.;EF01MA19
MED-141;medidas;2;numero;Comprei um suco por 2 reais e um lanche por 9 reais. Quanto gastei?;;;11;Junte os dois preços.;2 + 9 = 11 reais.;EF01MA19
MED-142;medidas;2;numero;Comprei um suco por 3 reais e um lanche por 3 reais. Quanto gastei?;;;6;Junte os dois preços.;3 + 3 = 6 reais.;EF01MA19
MED-143;medidas;2;numero;Comprei um suco por 8 reais e um lanche por 8 reais. Quanto gastei?;;;16;Junte os dois preços.;8 + 8 = 16 reais.;EF01MA19
MED-144;medidas;2;numero;Comprei um suco por 6 reais e um lanche por 6 reais. Quanto gastei?;;;12;Junte os dois preços.;6 + 6 = 12 reais.;EF01MA19
MED-145;medidas;3;numero;Um livro custa 15 reais. Tenho 12 reais. Quantos reais ainda faltam?;;;3;Conte de 12 até 15.;15 − 12 = 3 reais.;EF01MA19
MED-146;medidas;3;numero;Um livro custa 18 reais. Tenho 11 reais. Quantos reais ainda faltam?;;;7;Conte de 11 até 18.;18 − 11 = 7 reais.;EF01MA19
MED-147;medidas;3;numero;Um livro custa 12 reais. Tenho 5 reais. Quantos reais ainda faltam?;;;7;Conte de 5 até 12.;12 − 5 = 7 reais.;EF01MA19
MED-148;medidas;3;numero;Um livro custa 19 reais. Tenho 14 reais. Quantos reais ainda faltam?;;;5;Conte de 14 até 19.;19 − 14 = 5 reais.;EF01MA19
MED-149;medidas;3;numero;Um livro custa 18 reais. Tenho 5 reais. Quantos reais ainda faltam?;;;13;Conte de 5 até 18.;18 − 5 = 13 reais.;EF01MA19
MED-150;medidas;3;numero;Um livro custa 23 reais. Tenho 5 reais. Quantos reais ainda faltam?;;;18;Conte de 5 até 23.;23 − 5 = 18 reais.;EF01MA19
MED-151;medidas;3;numero;Um livro custa 14 reais. Tenho 5 reais. Quantos reais ainda faltam?;;;9;Conte de 5 até 14.;14 − 5 = 9 reais.;EF01MA19
MED-152;medidas;3;numero;Um livro custa 17 reais. Tenho 15 reais. Quantos reais ainda faltam?;;;2;Conte de 15 até 17.;17 − 15 = 2 reais.;EF01MA19
MED-153;medidas;1;multipla;Para medir o comprimento de uma mesa, usamos…;;litro | hora | metro | quilo;metro;Imagine cada coisa.;Resposta: metro.;EF01MA15
MED-154;medidas;1;multipla;Para saber quanto você pesa, usamos…;;metro | litro | dia | quilo;quilo;Imagine cada coisa.;Resposta: quilo.;EF01MA15
MED-155;medidas;1;multipla;Para medir quanto leite cabe numa garrafa, usamos…;;real | litro | quilo | metro;litro;Imagine cada coisa.;Resposta: litro.;EF01MA15
MED-156;medidas;1;multipla;O que é mais PESADO?;;um elefante | uma formiga | uma pena | um gato;um elefante;Imagine cada coisa.;Resposta: um elefante.;EF01MA15
MED-157;medidas;1;multipla;O que é mais COMPRIDO?;;um lápis | uma borracha | um sapato | um ônibus;um ônibus;Imagine cada coisa.;Resposta: um ônibus.;EF01MA15
MED-158;medidas;1;multipla;Em qual cabe MAIS água?;;um copo | uma piscina | um balde | uma xícara;uma piscina;Imagine cada coisa.;Resposta: uma piscina.;EF01MA15
MED-159;medidas;1;multipla;O que é mais LEVE?;;um tijolo | uma folha de papel | uma mochila | uma melancia;uma folha de papel;Imagine cada coisa.;Resposta: uma folha de papel.;EF01MA15
MED-160;medidas;1;multipla;Qual dura MAIS tempo?;;uma semana | um ano | um dia | um mês;um ano;Imagine cada coisa.;Resposta: um ano.;EF01MA15
MED-161;medidas;1;multipla;Qual dura MENOS tempo?;;uma hora | um minuto | uma semana | um dia;um minuto;Imagine cada coisa.;Resposta: um minuto.;EF01MA15
MED-162;medidas;2;multipla;A fita de Lívia mede 17 palmos. A de Júlia mede 26 palmos. Qual fita é mais comprida?;;a de Lívia | a de Júlia;a de Júlia;Mais palmos = mais comprida.;26 palmos é mais que 17.;EF01MA15
MED-163;medidas;2;multipla;A fita de Isabela mede 28 palmos. A de Samuel mede 5 palmos. Qual fita é mais comprida?;;a de Isabela | a de Samuel;a de Isabela;Mais palmos = mais comprida.;28 palmos é mais que 5.;EF01MA15
MED-164;medidas;2;multipla;A fita de Theo mede 21 palmos. A de Lívia mede 23 palmos. Qual fita é mais comprida?;;a de Theo | a de Lívia;a de Lívia;Mais palmos = mais comprida.;23 palmos é mais que 21.;EF01MA15
MED-165;medidas;2;multipla;A fita de Heitor mede 21 palmos. A de Maria mede 20 palmos. Qual fita é mais comprida?;;a de Heitor | a de Maria;a de Heitor;Mais palmos = mais comprida.;21 palmos é mais que 20.;EF01MA15
MED-166;medidas;2;multipla;A fita de Heitor mede 8 palmos. A de Sofia mede 15 palmos. Qual fita é mais comprida?;;a de Heitor | a de Sofia;a de Sofia;Mais palmos = mais comprida.;15 palmos é mais que 8.;EF01MA15
MED-167;medidas;2;multipla;A fita de Pedro mede 27 palmos. A de Sofia mede 18 palmos. Qual fita é mais comprida?;;a de Pedro | a de Sofia;a de Pedro;Mais palmos = mais comprida.;27 palmos é mais que 18.;EF01MA15
MED-168;medidas;2;multipla;A fita de Sofia mede 10 palmos. A de Miguel mede 9 palmos. Qual fita é mais comprida?;;a de Sofia | a de Miguel;a de Sofia;Mais palmos = mais comprida.;10 palmos é mais que 9.;EF01MA15
MED-169;medidas;2;multipla;A fita de Pedro mede 19 palmos. A de Gabriel mede 25 palmos. Qual fita é mais comprida?;;a de Pedro | a de Gabriel;a de Gabriel;Mais palmos = mais comprida.;25 palmos é mais que 19.;EF01MA15
DES-001;desafios;3;numero;Pensei em um número. Somei 4 e deu 7. Em que número pensei?;;;3;Faça o caminho de volta: tire o que foi somado.;7 − 4 = 3. Confira: 3 + 4 = 7.;EF01MA08
DES-002;desafios;3;numero;Pensei em um número. Tirei 6 e sobrou 4. Em que número pensei?;;;10;Faça o caminho de volta: some o que foi tirado.;4 + 6 = 10. Confira: 10 − 6 = 4.;EF01MA08
DES-003;desafios;3;numero;Pensei em um número. Tirei 6 e sobrou 6. Em que número pensei?;;;12;Faça o caminho de volta: some o que foi tirado.;6 + 6 = 12. Confira: 12 − 6 = 6.;EF01MA08
DES-004;desafios;3;numero;Pensei em um número. Tirei 2 e sobrou 11. Em que número pensei?;;;13;Faça o caminho de volta: some o que foi tirado.;11 + 2 = 13. Confira: 13 − 2 = 11.;EF01MA08
DES-005;desafios;3;numero;Pensei em um número. Somei 5 e deu 15. Em que número pensei?;;;10;Faça o caminho de volta: tire o que foi somado.;15 − 5 = 10. Confira: 10 + 5 = 15.;EF01MA08
DES-006;desafios;3;numero;Pensei em um número. Tirei 2 e sobrou 6. Em que número pensei?;;;8;Faça o caminho de volta: some o que foi tirado.;6 + 2 = 8. Confira: 8 − 2 = 6.;EF01MA08
DES-007;desafios;3;numero;Pensei em um número. Tirei 4 e sobrou 4. Em que número pensei?;;;8;Faça o caminho de volta: some o que foi tirado.;4 + 4 = 8. Confira: 8 − 4 = 4.;EF01MA08
DES-008;desafios;3;numero;Pensei em um número. Somei 4 e deu 12. Em que número pensei?;;;8;Faça o caminho de volta: tire o que foi somado.;12 − 4 = 8. Confira: 8 + 4 = 12.;EF01MA08
DES-009;desafios;3;numero;Pensei em um número. Tirei 9 e sobrou 5. Em que número pensei?;;;14;Faça o caminho de volta: some o que foi tirado.;5 + 9 = 14. Confira: 14 − 9 = 5.;EF01MA08
DES-010;desafios;3;numero;Pensei em um número. Tirei 9 e sobrou 7. Em que número pensei?;;;16;Faça o caminho de volta: some o que foi tirado.;7 + 9 = 16. Confira: 16 − 9 = 7.;EF01MA08
DES-011;desafios;3;numero;Pensei em um número. Somei 3 e deu 19. Em que número pensei?;;;16;Faça o caminho de volta: tire o que foi somado.;19 − 3 = 16. Confira: 16 + 3 = 19.;EF01MA08
DES-012;desafios;3;numero;Pensei em um número. Somei 7 e deu 15. Em que número pensei?;;;8;Faça o caminho de volta: tire o que foi somado.;15 − 7 = 8. Confira: 8 + 7 = 15.;EF01MA08
DES-013;desafios;3;numero;Pensei em um número. Tirei 2 e sobrou 15. Em que número pensei?;;;17;Faça o caminho de volta: some o que foi tirado.;15 + 2 = 17. Confira: 17 − 2 = 15.;EF01MA08
DES-014;desafios;3;numero;Pensei em um número. Tirei 7 e sobrou 8. Em que número pensei?;;;15;Faça o caminho de volta: some o que foi tirado.;8 + 7 = 15. Confira: 15 − 7 = 8.;EF01MA08
DES-015;desafios;3;numero;Pensei em um número. Tirei 3 e sobrou 7. Em que número pensei?;;;10;Faça o caminho de volta: some o que foi tirado.;7 + 3 = 10. Confira: 10 − 3 = 7.;EF01MA08
DES-016;desafios;3;numero;Pensei em um número. Tirei 8 e sobrou 10. Em que número pensei?;;;18;Faça o caminho de volta: some o que foi tirado.;10 + 8 = 18. Confira: 18 − 8 = 10.;EF01MA08
DES-017;desafios;3;numero;Pensei em um número. Tirei 10 e sobrou 2. Em que número pensei?;;;12;Faça o caminho de volta: some o que foi tirado.;2 + 10 = 12. Confira: 12 − 10 = 2.;EF01MA08
DES-018;desafios;3;numero;Pensei em um número. Tirei 9 e sobrou 6. Em que número pensei?;;;15;Faça o caminho de volta: some o que foi tirado.;6 + 9 = 15. Confira: 15 − 9 = 6.;EF01MA08
DES-019;desafios;3;numero;Pensei em um número. Somei 2 e deu 12. Em que número pensei?;;;10;Faça o caminho de volta: tire o que foi somado.;12 − 2 = 10. Confira: 10 + 2 = 12.;EF01MA08
DES-020;desafios;3;numero;Pensei em um número. Tirei 2 e sobrou 16. Em que número pensei?;;;18;Faça o caminho de volta: some o que foi tirado.;16 + 2 = 18. Confira: 18 − 2 = 16.;EF01MA08
DES-021;desafios;2;numero;🍌 + 🍌 = 8. Quanto vale 🍌?;;;4;Dois números iguais que somados dão isso.;4 + 4 = 8, então 🍌 = 4.;EF01MA08
DES-022;desafios;2;numero;🍎 + 🍎 = 20. Quanto vale 🍎?;;;10;Dois números iguais que somados dão isso.;10 + 10 = 20, então 🍎 = 10.;EF01MA08
DES-023;desafios;2;numero;🍓 + 🍓 = 6. Quanto vale 🍓?;;;3;Dois números iguais que somados dão isso.;3 + 3 = 6, então 🍓 = 3.;EF01MA08
DES-024;desafios;2;numero;🍌 + 🍌 = 12. Quanto vale 🍌?;;;6;Dois números iguais que somados dão isso.;6 + 6 = 12, então 🍌 = 6.;EF01MA08
DES-025;desafios;2;numero;🍎 + 🍎 = 12. Quanto vale 🍎?;;;6;Dois números iguais que somados dão isso.;6 + 6 = 12, então 🍎 = 6.;EF01MA08
DES-026;desafios;2;numero;🍇 + 🍇 = 10. Quanto vale 🍇?;;;5;Dois números iguais que somados dão isso.;5 + 5 = 10, então 🍇 = 5.;EF01MA08
DES-027;desafios;2;numero;🥝 + 🥝 = 6. Quanto vale 🥝?;;;3;Dois números iguais que somados dão isso.;3 + 3 = 6, então 🥝 = 3.;EF01MA08
DES-028;desafios;2;numero;🥝 + 🥝 = 12. Quanto vale 🥝?;;;6;Dois números iguais que somados dão isso.;6 + 6 = 12, então 🥝 = 6.;EF01MA08
DES-029;desafios;2;numero;🍐 + 🍐 = 18. Quanto vale 🍐?;;;9;Dois números iguais que somados dão isso.;9 + 9 = 18, então 🍐 = 9.;EF01MA08
DES-030;desafios;2;numero;🍌 + 🍌 = 14. Quanto vale 🍌?;;;7;Dois números iguais que somados dão isso.;7 + 7 = 14, então 🍌 = 7.;EF01MA08
DES-031;desafios;2;numero;🍓 + 🍓 = 8. Quanto vale 🍓?;;;4;Dois números iguais que somados dão isso.;4 + 4 = 8, então 🍓 = 4.;EF01MA08
DES-032;desafios;2;numero;🍊 + 🍊 = 12. Quanto vale 🍊?;;;6;Dois números iguais que somados dão isso.;6 + 6 = 12, então 🍊 = 6.;EF01MA08
DES-033;desafios;3;numero;🍐 + 🍇 = 17. Se 🍐 = 9, quanto vale 🍇?;;;8;Troque 🍐 por 9: 9 + ? = 17.;9 + 8 = 17, então 🍇 = 8.;EF01MA08
DES-034;desafios;3;numero;🍎 + 🍒 = 14. Se 🍎 = 6, quanto vale 🍒?;;;8;Troque 🍎 por 6: 6 + ? = 14.;6 + 8 = 14, então 🍒 = 8.;EF01MA08
DES-035;desafios;3;numero;🍇 + 🍐 = 13. Se 🍇 = 9, quanto vale 🍐?;;;4;Troque 🍇 por 9: 9 + ? = 13.;9 + 4 = 13, então 🍐 = 4.;EF01MA08
DES-036;desafios;3;numero;🍌 + 🍐 = 11. Se 🍌 = 6, quanto vale 🍐?;;;5;Troque 🍌 por 6: 6 + ? = 11.;6 + 5 = 11, então 🍐 = 5.;EF01MA08
DES-037;desafios;3;numero;🥝 + 🍎 = 9. Se 🥝 = 7, quanto vale 🍎?;;;2;Troque 🥝 por 7: 7 + ? = 9.;7 + 2 = 9, então 🍎 = 2.;EF01MA08
DES-038;desafios;3;numero;🥝 + 🍎 = 13. Se 🥝 = 9, quanto vale 🍎?;;;4;Troque 🥝 por 9: 9 + ? = 13.;9 + 4 = 13, então 🍎 = 4.;EF01MA08
DES-039;desafios;3;numero;🍌 + 🍇 = 15. Se 🍌 = 8, quanto vale 🍇?;;;7;Troque 🍌 por 8: 8 + ? = 15.;8 + 7 = 15, então 🍇 = 7.;EF01MA08
DES-040;desafios;3;numero;🍐 + 🍎 = 13. Se 🍐 = 9, quanto vale 🍎?;;;4;Troque 🍐 por 9: 9 + ? = 13.;9 + 4 = 13, então 🍎 = 4.;EF01MA08
DES-041;desafios;3;numero;🍌 + 🥝 = 7. Se 🍌 = 3, quanto vale 🥝?;;;4;Troque 🍌 por 3: 3 + ? = 7.;3 + 4 = 7, então 🥝 = 4.;EF01MA08
DES-042;desafios;3;numero;🍒 + 🍐 = 8. Se 🍒 = 3, quanto vale 🍐?;;;5;Troque 🍒 por 3: 3 + ? = 8.;3 + 5 = 8, então 🍐 = 5.;EF01MA08
DES-043;desafios;3;numero;🍎 + 🍒 = 5. Se 🍎 = 2, quanto vale 🍒?;;;3;Troque 🍎 por 2: 2 + ? = 5.;2 + 3 = 5, então 🍒 = 3.;EF01MA08
DES-044;desafios;3;numero;🍇 + 🍊 = 11. Se 🍇 = 5, quanto vale 🍊?;;;6;Troque 🍇 por 5: 5 + ? = 11.;5 + 6 = 11, então 🍊 = 6.;EF01MA08
DES-045;desafios;3;numero;🍒 + 🍎 = 9. Se 🍒 = 2, quanto vale 🍎?;;;7;Troque 🍒 por 2: 2 + ? = 9.;2 + 7 = 9, então 🍎 = 7.;EF01MA08
DES-046;desafios;3;numero;🥝 + 🍌 = 16. Se 🥝 = 7, quanto vale 🍌?;;;9;Troque 🥝 por 7: 7 + ? = 16.;7 + 9 = 16, então 🍌 = 9.;EF01MA08
DES-047;desafios;3;numero;🍎 + 🍎 + 🍎 = 9. Quanto vale 🍎?;;;3;Três números iguais. Experimente valores!;3 + 3 + 3 = 9, então 🍎 = 3.;EF01MA08
DES-048;desafios;3;numero;🍌 + 🍌 + 🍌 = 6. Quanto vale 🍌?;;;2;Três números iguais. Experimente valores!;2 + 2 + 2 = 6, então 🍌 = 2.;EF01MA08
DES-049;desafios;3;numero;🍊 + 🍊 + 🍊 = 12. Quanto vale 🍊?;;;4;Três números iguais. Experimente valores!;4 + 4 + 4 = 12, então 🍊 = 4.;EF01MA08
DES-050;desafios;3;numero;🥝 + 🥝 + 🥝 = 9. Quanto vale 🥝?;;;3;Três números iguais. Experimente valores!;3 + 3 + 3 = 9, então 🥝 = 3.;EF01MA08
DES-051;desafios;3;numero;🍒 + 🍒 + 🍒 = 12. Quanto vale 🍒?;;;4;Três números iguais. Experimente valores!;4 + 4 + 4 = 12, então 🍒 = 4.;EF01MA08
DES-052;desafios;3;numero;🍒 + 🍒 + 🍒 = 15. Quanto vale 🍒?;;;5;Três números iguais. Experimente valores!;5 + 5 + 5 = 15, então 🍒 = 5.;EF01MA08
DES-053;desafios;3;numero;🍒 + 🍒 + 🍒 = 18. Quanto vale 🍒?;;;6;Três números iguais. Experimente valores!;6 + 6 + 6 = 18, então 🍒 = 6.;EF01MA08
DES-054;desafios;3;numero;🍐 + 🍐 + 🍐 = 15. Quanto vale 🍐?;;;5;Três números iguais. Experimente valores!;5 + 5 + 5 = 15, então 🍐 = 5.;EF01MA08
DES-055;desafios;3;numero;Sou um número maior que 10 e menor que 20. Meus dois algarismos são iguais. Quem sou eu?;;;11;Os números entre 10 e 20 começam com 1.;O número é 11: tem dois algarismos 1.;EF01MA04
DES-056;desafios;3;numero;Sou um número maior que 20 e menor que 30. Meus dois algarismos são iguais. Quem sou eu?;;;22;Os números entre 20 e 30 começam com 2.;O número é 22: tem dois algarismos 2.;EF01MA04
DES-057;desafios;3;numero;Sou um número maior que 30 e menor que 40. Meus dois algarismos são iguais. Quem sou eu?;;;33;Os números entre 30 e 40 começam com 3.;O número é 33: tem dois algarismos 3.;EF01MA04
DES-058;desafios;3;numero;Sou um número maior que 40 e menor que 50. Meus dois algarismos são iguais. Quem sou eu?;;;44;Os números entre 40 e 50 começam com 4.;O número é 44: tem dois algarismos 4.;EF01MA04
DES-059;desafios;3;numero;Sou um número maior que 50 e menor que 60. Meus dois algarismos são iguais. Quem sou eu?;;;55;Os números entre 50 e 60 começam com 5.;O número é 55: tem dois algarismos 5.;EF01MA04
DES-060;desafios;3;numero;Sou um número maior que 60 e menor que 70. Meus dois algarismos são iguais. Quem sou eu?;;;66;Os números entre 60 e 70 começam com 6.;O número é 66: tem dois algarismos 6.;EF01MA04
DES-061;desafios;3;numero;Sou um número maior que 70 e menor que 80. Meus dois algarismos são iguais. Quem sou eu?;;;77;Os números entre 70 e 80 começam com 7.;O número é 77: tem dois algarismos 7.;EF01MA04
DES-062;desafios;3;numero;Sou um número maior que 80 e menor que 90. Meus dois algarismos são iguais. Quem sou eu?;;;88;Os números entre 80 e 90 começam com 8.;O número é 88: tem dois algarismos 8.;EF01MA04
DES-063;desafios;3;numero;Sou um número maior que 90 e menor que 100. Meus dois algarismos são iguais. Quem sou eu?;;;99;Os números entre 90 e 100 começam com 9.;O número é 99: tem dois algarismos 9.;EF01MA04
DES-064;desafios;3;numero;Sou um número de dois algarismos. Minha dezena é 1 e minha unidade é o dobro da dezena. Quem sou eu?;;;12;O dobro de 1 é 2.;Dezena 1 e unidade 2: 12.;EF01MA07
DES-065;desafios;3;numero;Sou um número de dois algarismos. Minha dezena é 2 e minha unidade é o dobro da dezena. Quem sou eu?;;;24;O dobro de 2 é 4.;Dezena 2 e unidade 4: 24.;EF01MA07
DES-066;desafios;3;numero;Sou um número de dois algarismos. Minha dezena é 3 e minha unidade é o dobro da dezena. Quem sou eu?;;;36;O dobro de 3 é 6.;Dezena 3 e unidade 6: 36.;EF01MA07
DES-067;desafios;3;numero;Sou um número de dois algarismos. Minha dezena é 4 e minha unidade é o dobro da dezena. Quem sou eu?;;;48;O dobro de 4 é 8.;Dezena 4 e unidade 8: 48.;EF01MA07
DES-068;desafios;3;numero;Com os algarismos 5 e 1 (usando cada um uma vez), qual é o MAIOR número que posso formar?;;;51;Coloque o algarismo maior na casa das dezenas.;51 é maior que 15.;EF01MA07
DES-069;desafios;3;numero;Com os algarismos 3 e 6 (usando cada um uma vez), qual é o MAIOR número que posso formar?;;;63;Coloque o algarismo maior na casa das dezenas.;63 é maior que 36.;EF01MA07
DES-070;desafios;3;numero;Com os algarismos 6 e 5 (usando cada um uma vez), qual é o MAIOR número que posso formar?;;;65;Coloque o algarismo maior na casa das dezenas.;65 é maior que 56.;EF01MA07
DES-071;desafios;3;numero;Com os algarismos 9 e 7 (usando cada um uma vez), qual é o MAIOR número que posso formar?;;;97;Coloque o algarismo maior na casa das dezenas.;97 é maior que 79.;EF01MA07
DES-072;desafios;3;numero;Com os algarismos 3 e 5 (usando cada um uma vez), qual é o MAIOR número que posso formar?;;;53;Coloque o algarismo maior na casa das dezenas.;53 é maior que 35.;EF01MA07
DES-073;desafios;3;numero;Com os algarismos 6 e 8 (usando cada um uma vez), qual é o MAIOR número que posso formar?;;;86;Coloque o algarismo maior na casa das dezenas.;86 é maior que 68.;EF01MA07
DES-074;desafios;3;numero;Com os algarismos 4 e 3 (usando cada um uma vez), qual é o MAIOR número que posso formar?;;;43;Coloque o algarismo maior na casa das dezenas.;43 é maior que 34.;EF01MA07
DES-075;desafios;3;numero;Com os algarismos 2 e 5 (usando cada um uma vez), qual é o MAIOR número que posso formar?;;;52;Coloque o algarismo maior na casa das dezenas.;52 é maior que 25.;EF01MA07
DES-076;desafios;3;numero;Com os algarismos 8 e 6 (usando cada um uma vez), qual é o MAIOR número que posso formar?;;;86;Coloque o algarismo maior na casa das dezenas.;86 é maior que 68.;EF01MA07
DES-077;desafios;3;numero;Com os algarismos 6 e 4 (usando cada um uma vez), qual é o MENOR número que posso formar?;;;46;Coloque o algarismo menor na casa das dezenas.;46 é menor que 64.;EF01MA07
DES-078;desafios;3;numero;Com os algarismos 2 e 4 (usando cada um uma vez), qual é o MENOR número que posso formar?;;;24;Coloque o algarismo menor na casa das dezenas.;24 é menor que 42.;EF01MA07
DES-079;desafios;3;numero;Com os algarismos 1 e 7 (usando cada um uma vez), qual é o MENOR número que posso formar?;;;17;Coloque o algarismo menor na casa das dezenas.;17 é menor que 71.;EF01MA07
DES-080;desafios;3;numero;Com os algarismos 2 e 3 (usando cada um uma vez), qual é o MENOR número que posso formar?;;;23;Coloque o algarismo menor na casa das dezenas.;23 é menor que 32.;EF01MA07
DES-081;desafios;3;numero;Com os algarismos 2 e 9 (usando cada um uma vez), qual é o MENOR número que posso formar?;;;29;Coloque o algarismo menor na casa das dezenas.;29 é menor que 92.;EF01MA07
DES-082;desafios;3;numero;Com os algarismos 4 e 2 (usando cada um uma vez), qual é o MENOR número que posso formar?;;;24;Coloque o algarismo menor na casa das dezenas.;24 é menor que 42.;EF01MA07
DES-083;desafios;3;numero;Complete: 8 = 4 + ___ + 3;;;1;Some 4 + 3 primeiro.;"4 + 3 = 7; falta 1 para chegar a 8.";EF01MA06
DES-084;desafios;3;numero;Complete: 15 = 5 + ___ + 6;;;4;Some 5 + 6 primeiro.;"5 + 6 = 11; falta 4 para chegar a 15.";EF01MA06
DES-085;desafios;3;numero;Complete: 15 = 5 + ___ + 5;;;5;Some 5 + 5 primeiro.;"5 + 5 = 10; falta 5 para chegar a 15.";EF01MA06
DES-086;desafios;3;numero;Complete: 18 = 6 + ___ + 6;;;6;Some 6 + 6 primeiro.;"6 + 6 = 12; falta 6 para chegar a 18.";EF01MA06
DES-087;desafios;3;numero;Complete: 8 = 1 + ___ + 5;;;2;Some 1 + 5 primeiro.;"1 + 5 = 6; falta 2 para chegar a 8.";EF01MA06
DES-088;desafios;3;numero;Complete: 15 = 4 + ___ + 6;;;5;Some 4 + 6 primeiro.;"4 + 6 = 10; falta 5 para chegar a 15.";EF01MA06
DES-089;desafios;3;numero;Complete: 6 = 3 + ___ + 2;;;1;Some 3 + 2 primeiro.;"3 + 2 = 5; falta 1 para chegar a 6.";EF01MA06
DES-090;desafios;3;numero;Complete: 5 = 3 + ___ + 1;;;1;Some 3 + 1 primeiro.;"3 + 1 = 4; falta 1 para chegar a 5.";EF01MA06
DES-091;desafios;3;numero;Complete: 13 = 4 + ___ + 3;;;6;Some 4 + 3 primeiro.;"4 + 3 = 7; falta 6 para chegar a 13.";EF01MA06
DES-092;desafios;3;numero;Complete: 5 = 1 + ___ + 1;;;3;Some 1 + 1 primeiro.;"1 + 1 = 2; falta 3 para chegar a 5.";EF01MA06
DES-093;desafios;3;numero;No quintal há 1 gato e 1 galinha. Quantas patas há ao todo?;;;6;"Gato tem 4 patas; galinha tem 2.";Gatos: 4 patas. Galinhas: 2 patas. Total: 6.;EF01MA08
DES-094;desafios;3;numero;No quintal há 2 gatos e 3 galinhas. Quantas patas há ao todo?;;;14;"Gato tem 4 patas; galinha tem 2.";Gatos: 8 patas. Galinhas: 6 patas. Total: 14.;EF01MA08
DES-095;desafios;3;numero;No quintal há 3 gatos e 1 galinha. Quantas patas há ao todo?;;;14;"Gato tem 4 patas; galinha tem 2.";Gatos: 12 patas. Galinhas: 2 patas. Total: 14.;EF01MA08
DES-096;desafios;3;numero;No quintal há 2 gatos e 2 galinhas. Quantas patas há ao todo?;;;12;"Gato tem 4 patas; galinha tem 2.";Gatos: 8 patas. Galinhas: 4 patas. Total: 12.;EF01MA08
DES-097;desafios;3;numero;No quintal há 1 gato e 3 galinhas. Quantas patas há ao todo?;;;10;"Gato tem 4 patas; galinha tem 2.";Gatos: 4 patas. Galinhas: 6 patas. Total: 10.;EF01MA08
DES-098;desafios;3;numero;No quintal há 3 gatos e 2 galinhas. Quantas patas há ao todo?;;;16;"Gato tem 4 patas; galinha tem 2.";Gatos: 12 patas. Galinhas: 4 patas. Total: 16.;EF01MA08
DES-099;desafios;3;numero;Uma escada tem 10 degraus. Pedro está no 4º degrau e sobe mais 3. Em qual degrau ele está?;;;7;Conte a partir do 4.;4 + 3 = 7: ele está no 7º degrau.;EF01MA08
DES-100;desafios;3;numero;Uma lagarta sobe 3 galhos e desce 1 galho por dia. Depois de 2 dias, quantos galhos acima do chão ela está?;;;4;Cada dia ela sobe 2 de verdade.;Dia 1: 3 − 1 = 2. Dia 2: 2 + 3 − 1 = 4.;EF01MA08
DES-101;desafios;3;numero;Tenho 5 balas a mais que Ana. Ana tem 7. Quantas balas eu tenho?;;;12;Eu tenho o que Ana tem e mais 5.;7 + 5 = 12 balas.;EF01MA08
DES-102;desafios;3;numero;Tenho 4 balas a menos que Davi. Davi tem 13. Quantas balas eu tenho?;;;9;Tire 4 do que Davi tem.;13 − 4 = 9 balas.;EF01MA08
DES-103;desafios;3;numero;Cortei uma fita em 3 pedaços. Quantos cortes eu fiz?;;;2;Desenhe a fita e os cortes.;Com 2 cortes a fita fica em 3 pedaços.;EF01MA08
DES-104;desafios;3;numero;Cortei um barbante em 5 pedaços. Quantos cortes eu fiz?;;;4;Desenhe e conte os cortes.;Sempre há um corte a menos que o número de pedaços: 4.;EF01MA08
DES-105;desafios;3;numero;Plantei 5 árvores em fila, uma a cada 2 passos. Quantos passos há da primeira até a última?;;;8;Entre 5 árvores há 4 espaços.;4 espaços × 2 passos = 8 passos.;EF01MA08
DES-106;desafios;3;numero;Duas irmãs têm juntas 10 anos. Uma tem 2 anos a mais que a outra. Quantos anos tem a mais nova?;;;4;Experimente: 5 e 5? 4 e 6?;4 + 6 = 10 e 6 é 2 a mais que 4. A mais nova tem 4 anos.;EF01MA08
DES-107;desafios;2;numero;Numa corrida, passei a pessoa que estava em 2º lugar. Em que lugar eu fiquei?;;;2;Cuidado com a pegadinha!;Se passei o 2º, fiquei no lugar dele: 2º!;EF01MA08
DES-108;desafios;3;numero;Quantos números de dois algarismos terminam em 5?;;;9;15, 25, 35...;15, 25, 35, 45, 55, 65, 75, 85, 95: são 9.;EF01MA08
DES-109;desafios;3;numero;Quantas vezes o algarismo 1 aparece quando escrevemos de 1 até 12?;;;5;Escreva os números e procure o 1.;1, 10, 11 (duas vezes), 12: são 5 vezes.;EF01MA08
DES-110;desafios;2;numero;Um gato tem 4 patas. Quantas patas tem meio gato desenhado de lado, se só aparecem as patas da frente?;;;2;As patas da frente são...;Aparecem as 2 patas da frente.;EF01MA08
DES-111;desafios;3;numero;Numa mesa há 3 pratos com 2 bananas e 1 maçã em cada. Quantas frutas há na mesa?;;;9;Quantas frutas há em cada prato?;Cada prato tem 3 frutas: 3 + 3 + 3 = 9.;EF01MA08
DES-112;desafios;3;numero;Um caracol sobe 2 cm por minuto. Quantos centímetros ele sobe em 5 minutos?;;;10;Conte de 2 em 2.;2, 4, 6, 8, 10 cm.;EF01MA08
DES-113;desafios;2;numero;Se hoje é sábado, depois de amanhã será que dia? Responda com o número: 1 = domingo, 2 = segunda.;;;2;Amanhã é domingo...;"Amanhã é domingo; depois de amanhã é segunda (2).";EF01MA08
DES-114;desafios;2;multipla;Quem é mais alto? Ana é mais alta que Bia. Bia é mais alta que Caio.;;Ana | Caio | Bia;Ana;Leia devagar e imagine a cena.;Resposta: Ana.;EF01MA20
DES-115;desafios;2;multipla;Quem é o mais baixo? Ana é mais alta que Bia. Bia é mais alta que Caio.;;Ana | Bia | Caio;Caio;Leia devagar e imagine a cena.;Resposta: Caio.;EF01MA20
DES-116;desafios;2;multipla;Davi chegou antes de Enzo. Enzo chegou antes de Lia. Quem chegou por último?;;Lia | Davi | Enzo;Lia;Leia devagar e imagine a cena.;Resposta: Lia.;EF01MA20
DES-117;desafios;2;multipla;Theo tem mais figurinhas que Gabi. Gabi tem mais que Nina. Quem tem menos?;;Theo | Gabi | Nina;Nina;Leia devagar e imagine a cena.;Resposta: Nina.;EF01MA20
DES-118;desafios;2;multipla;Uma caixa tem só bolas vermelhas. Se eu tirar uma bola sem olhar, ela será…;;vermelha com certeza | talvez azul | azul com certeza;vermelha com certeza;Leia devagar e imagine a cena.;Resposta: vermelha com certeza.;EF01MA20
DES-119;desafios;2;multipla;Uma caixa tem 9 bolas azuis e 1 amarela. Tirando uma sem olhar, é mais provável sair…;;azul | verde | amarela;azul;Leia devagar e imagine a cena.;Resposta: azul.;EF01MA20
DES-120;desafios;2;multipla;Jogando um dado comum, é possível tirar o número 7?;;Com certeza | Talvez | Impossível;Impossível;Leia devagar e imagine a cena.;Resposta: Impossível.;EF01MA20
DES-121;desafios;2;multipla;Amanhã o sol vai nascer. Isso é…;;Impossível | Talvez | Com certeza;Com certeza;Leia devagar e imagine a cena.;Resposta: Com certeza.;EF01MA20
